Paging and Virtual Memory,nr_dirty,nr_writeback,nr_unstable,nr_page_table_pages,nr_mapped,nr_slab,pgpgin,pgpgout,pswpin,pswpout,pgfree,pgactivate,pgdeactivate,pgfault,pgmajfault,pginodesteal,slabs_scanned,kswapd_steal,kswapd_inodesteal,pageoutrun,allocstall,pgrotated,pgalloc_high,pgalloc_normal,pgalloc_dma,pgrefill_high,pgrefill_normal,pgrefill_dma,pgsteal_high,pgsteal_normal,pgsteal_dma,pgscan_kswapd_high,pgscan_kswapd_normal,pgscan_kswapd_dma,pgscan_direct_high,pgscan_direct_normal,pgscan_direct_dma
2015-12-09 14:15:01,966,0,0,1343,11616,-1,1052,0,0,0,20464,47,0,29078,12,0,0,0,0,0,0,0,0,16399,0,0,0,0,0,0,0,0,0,0,0,0,0
2015-12-09 14:15:02,1233,0,0,1343,11637,-1,0,0,0,0,9502,19,0,34,0,0,0,0,0,0,0,0,0,7563,0,0,0,0,0,0,0,0,0,0,0,0,0
2015-12-09 14:15:03,49,1096,0,1343,11637,-1,0,6556,0,0,9079,21,0,40,0,0,0,0,0,0,0,0,0,7677,0,0,0,0,0,0,0,0,0,0,0,0,0
2015-12-09 14:15:04,382,0,0,1343,11637,-1,0,4,0,0,8943,14,0,21,0,0,0,0,0,0,0,0,0,7256,0,0,0,0,0,0,0,0,0,0,0,0,0
2015-12-09 14:15:05,782,0,0,1343,11637,-1,0,100,0,0,10349,0,0,2,0,0,0,0,0,0,0,0,0,7914,0,0,0,0,0,0,0,0,0,0,0,0,0
2015-12-09 14:15:06,1291,0,0,1343,11637,-1,0,0,0,0,10951,41,0,4,0,0,0,0,0,0,0,0,0,9164,0,0,0,0,0,0,0,0,0,0,0,0,0
2015-12-09 14:15:07,1734,0,0,1343,11637,-1,0,0,0,0,11560,26,0,5,0,0,0,0,0,0,0,0,0,9045,0,0,0,0,0,0,0,0,0,0,0,0,0
2015-12-09 14:15:08,24,1626,0,1343,11637,-1,0,8780,0,0,10973,30,0,1,0,0,0,0,0,0,0,0,0,8729,0,0,0,0,0,0,0,0,0,0,0,0,0
2015-12-09 14:15:09,382,0,0,1343,11637,-1,0,4,0,0,9005,14,0,0,0,0,0,0,0,0,0,0,0,7318,0,0,0,0,0,0,0,0,0,0,0,0,0
2015-12-09 14:15:10,932,0,0,1343,11637,-1,0,8,0,0,11969,31,0,5,0,0,0,0,0,0,0,0,0,9180,0,0,0,0,0,0,0,0,0,0,0,0,0
2015-12-09 14:15:11,1469,0,0,1343,11637,-1,0,4,0,0,12195,34,0,38,0,0,0,0,0,0,0,0,0,9358,0,0,0,0,0,0,0,0,0,0,0,0,0
2015-12-09 14:15:12,2114,0,0,1343,11637,-1,0,0,0,0,20182,16,0,1,0,0,0,0,0,1,0,0,0,5901,0,0,0,0,0,0,0,0,6111,0,0,0,0
2015-12-09 14:15:13,115,2029,0,1343,11637,-1,0,10476,0,0,12026,28,0,69,0,0,0,0,0,0,0,0,0,9735,0,0,0,0,0,0,0,0,0,0,0,0,0
2015-12-09 14:15:14,451,0,0,1343,11637,-1,0,4,0,0,10724,26,0,50,0,0,0,0,0,0,0,0,0,8039,0,0,0,0,0,0,0,0,0,0,0,0,0
2015-12-09 14:15:15,939,0,0,1343,11637,-1,0,20,0,0,12849,25,0,1,0,0,0,0,0,0,0,0,0,10564,0,0,0,0,0,0,0,0,0,0,0,0,0
2015-12-09 14:15:16,1728,0,0,1343,11637,-1,0,4,0,0,14254,30,0,1,0,0,0,0,0,0,0,0,0,11777,0,0,0,0,0,0,0,0,0,0,0,0,0
2015-12-09 14:15:17,2331,0,0,1343,11637,-1,0,0,0,0,13817,31,0,1,0,0,0,0,0,0,0,0,0,10600,0,0,0,0,0,0,0,0,0,0,0,0,0
2015-12-09 14:15:18,588,1699,0,1343,11637,-1,0,9628,0,0,13920,28,0,2,0,0,0,0,0,0,0,0,0,11591,0,0,0,0,0,0,0,0,0,0,0,0,0
2015-12-09 14:15:19,428,0,0,1343,11637,-1,0,2296,0,0,9728,0,0,0,0,0,0,0,0,0,0,0,0,7915,0,0,0,0,0,0,0,0,0,0,0,0,0
2015-12-09 14:15:20,1105,0,0,1343,11637,-1,0,8,0,0,14434,54,0,5,0,0,0,0,0,0,0,0,0,11087,0,0,0,0,0,0,0,0,0,0,0,0,0
2015-12-09 14:15:21,1922,0,0,1343,11637,-1,0,4,0,0,14927,26,0,2,0,0,0,0,0,0,0,0,0,11983,0,0,0,0,0,0,0,0,0,0,0,0,0
2015-12-09 14:15:22,2689,0,0,1343,11637,-1,0,0,0,0,13675,30,0,184,0,0,0,0,0,0,0,0,0,11437,0,0,0,0,0,0,0,0,0,0,0,0,0
2015-12-09 14:15:23,633,1626,0,1343,11637,-1,4,11096,0,0,14824,21,0,1,0,0,0,0,0,0,0,0,0,11900,0,0,0,0,0,0,0,0,0,0,0,0,0
2015-12-09 14:15:24,827,0,0,1343,11637,-1,0,2504,0,0,15012,40,0,6,0,0,0,0,0,0,0,0,0,3808,0,0,0,0,0,0,0,0,0,0,0,0,0
2015-12-09 14:15:25,1582,0,0,1343,11637,-1,0,12,0,0,15365,42,0,1,0,0,0,0,0,0,0,0,0,2877,0,0,0,0,0,0,0,0,0,0,0,0,0
2015-12-09 14:15:26,2384,0,0,1343,11637,-1,0,4,0,0,24206,35,0,3,0,0,1024,0,0,1,0,0,0,12562,0,0,0,0,0,0,0,0,6099,0,0,0,0
2015-12-09 14:15:27,3173,0,0,1343,11637,-1,0,0,0,0,15721,42,0,2,0,0,0,0,0,0,0,0,0,12567,0,0,0,0,0,0,0,0,0,0,0,0,0
2015-12-09 14:15:28,1376,1628,0,1343,11637,-1,0,11088,0,0,15887,42,0,3,0,0,0,0,0,0,0,0,0,12938,0,0,0,0,0,0,0,0,0,0,0,0,0
2015-12-09 14:15:29,722,0,0,1343,11637,-1,0,5308,0,0,14334,20,0,1,0,0,0,0,0,0,0,0,0,11503,0,0,0,0,0,0,0,0,0,0,0,0,0
2015-12-09 14:15:30,1588,0,0,1343,11637,-1,0,8,0,0,15861,35,0,2,0,0,0,0,0,0,0,0,0,13165,0,0,0,0,0,0,0,0,0,0,0,0,0
2015-12-09 14:15:31,2548,0,0,1343,11637,-1,0,4,0,0,17090,47,0,4,0,0,0,0,0,0,0,0,0,13424,0,0,0,0,0,0,0,0,0,0,0,0,0
2015-12-09 14:15:32,3381,0,0,1343,11637,-1,0,0,0,0,16546,53,0,2,0,0,0,0,0,0,0,0,0,13346,0,0,0,0,0,0,0,0,0,0,0,0,0
2015-12-09 14:15:33,1932,1498,0,1343,11637,-1,0,9792,0,0,16702,57,0,4,0,0,0,0,0,0,0,0,0,14031,0,0,0,0,0,0,0,0,0,0,0,0,0
2015-12-09 14:15:34,786,0,0,1343,11637,-1,0,7720,0,0,15884,33,0,2,0,0,0,0,0,0,0,0,0,13135,0,0,0,0,0,0,0,0,0,0,0,0,0
2015-12-09 14:15:35,1621,0,0,1343,11637,-1,0,20,0,0,24363,38,0,5,0,0,0,0,0,1,0,0,0,16380,0,0,0,0,0,0,0,0,6088,0,0,0,0
2015-12-09 14:15:36,2555,0,0,1343,11637,-1,0,4,0,0,17684,41,0,3,0,0,0,0,0,0,0,0,0,14712,0,0,0,0,0,0,0,0,0,0,0,0,0
2015-12-09 14:15:37,3566,0,0,1343,11637,-1,0,0,0,0,17865,61,0,2,0,0,0,0,0,0,0,0,0,13947,0,0,0,0,0,0,0,0,0,0,0,0,0
2015-12-09 14:15:38,964,2594,0,1343,11637,-1,0,14180,0,0,17353,65,0,1,0,0,0,0,0,0,0,0,0,14668,0,0,0,0,0,0,0,0,0,0,0,0,0
2015-12-09 14:15:39,754,0,0,1344,11637,-1,0,3752,0,0,13144,52,0,219,0,0,0,0,0,0,0,0,0,10944,0,0,0,0,0,0,0,0,0,0,0,0,0
2015-12-09 14:15:40,1718,0,0,1344,11637,-1,0,0,0,0,17864,26,0,2,0,0,0,0,0,0,0,0,0,14024,0,0,0,0,0,0,0,0,0,0,0,0,0
2015-12-09 14:15:41,2574,0,0,1344,11637,-1,0,12,0,0,17464,25,0,2,0,0,0,0,0,0,0,0,0,14457,0,0,0,0,0,0,0,0,0,0,0,0,0
2015-12-09 14:15:42,3489,0,0,1344,11637,-1,0,0,0,0,17539,60,0,4,0,0,0,0,0,0,0,0,0,14707,0,0,0,0,0,0,0,0,0,0,0,0,0
2015-12-09 14:15:43,1851,1571,0,1344,11637,-1,0,11148,0,0,25730,58,0,2,0,0,256,0,0,1,0,0,0,15666,0,0,0,0,0,0,0,0,6076,0,0,0,0
2015-12-09 14:15:44,630,0,0,1344,11637,-1,0,7288,0,0,11005,24,0,3,0,0,0,0,0,0,0,0,0,8593,0,0,0,0,0,0,0,0,0,0,0,0,0
2015-12-09 14:15:45,1535,0,0,1344,11637,-1,0,0,0,0,17554,54,0,4,0,0,0,0,0,0,0,0,0,14622,0,0,0,0,0,0,0,0,0,0,0,0,0
2015-12-09 14:15:46,2582,0,0,1344,11637,-1,0,0,0,0,18977,46,0,4,0,0,0,0,0,0,0,0,0,15185,0,0,0,0,0,0,0,0,0,0,0,0,0
2015-12-09 14:15:47,3746,0,0,1344,11637,-1,0,12,0,0,18873,41,0,4,0,0,0,0,0,0,0,0,0,15416,0,0,0,0,0,0,0,0,0,0,0,0,0
2015-12-09 14:15:48,802,2722,0,1344,11637,-1,0,16172,0,0,18156,73,0,6,0,0,0,0,0,0,0,0,0,15414,0,0,0,0,0,0,0,0,0,0,0,0,0
2015-12-09 14:15:49,806,0,0,1344,11637,-1,0,3472,0,0,16300,23,0,3,0,0,0,0,0,0,0,0,0,12919,0,0,0,0,0,0,0,0,0,0,0,0,0
2015-12-09 14:15:50,1748,0,0,1349,11637,-1,0,0,0,0,15313,56,0,372,0,0,0,0,0,0,0,0,0,12831,0,0,0,0,0,0,0,0,0,0,0,0,0
2015-12-09 14:15:51,2668,0,0,1349,11637,-1,0,8,0,0,26307,62,0,3,0,0,1024,0,0,1,0,0,0,13188,0,0,0,0,0,0,0,0,6064,0,0,0,0
2015-12-09 14:15:52,3851,0,0,1349,11637,-1,0,4,0,0,18913,50,0,5,0,0,0,0,0,0,0,0,0,16129,0,0,0,0,0,0,0,0,0,0,0,0,0
2015-12-09 14:15:53,1807,1681,0,1349,11637,-1,0,12564,0,0,18122,79,0,4,0,0,0,0,0,0,0,0,0,14588,0,0,0,0,0,0,0,0,0,0,0,0,0
2015-12-09 14:15:54,1060,0,0,1349,11637,-1,0,7204,0,0,17945,43,0,6,0,0,0,0,0,0,0,0,0,14672,0,0,0,0,0,0,0,0,0,0,0,0,0
2015-12-09 14:15:55,2169,0,0,1349,11637,-1,4,0,0,0,18419,63,0,2,0,0,0,0,0,0,0,0,0,14684,0,0,0,0,0,0,0,0,0,0,0,0,0
2015-12-09 14:15:56,3204,0,0,1349,11637,-1,0,0,0,0,19751,67,0,4,0,0,0,0,0,0,0,0,0,15906,0,0,0,0,0,0,0,0,0,0,0,0,0
2015-12-09 14:15:57,4263,0,0,1349,11637,-1,0,16,0,0,19551,30,0,4,0,0,0,0,0,0,0,0,0,16195,0,0,0,0,0,0,0,0,0,0,0,0,0
2015-12-09 14:15:58,2236,1480,0,1349,11637,-1,0,12520,0,0,27039,98,0,2,0,0,0,0,0,1,0,0,0,16212,0,0,0,0,0,0,0,0,6055,0,0,0,0
2015-12-09 14:15:59,924,0,0,1349,11637,-1,0,9280,0,0,16360,38,0,6,0,0,0,0,0,0,0,0,0,13279,0,0,0,0,0,0,0,0,0,0,0,0,0
2015-12-09 14:16:00,1938,0,0,1349,11637,-1,0,0,0,0,18228,61,0,4,0,0,0,0,0,0,0,0,0,14757,0,0,0,0,0,0,0,0,0,0,0,0,0
2015-12-09 14:16:01,3114,0,0,1349,11637,-1,0,8,0,0,19678,68,0,9,0,0,0,0,0,0,0,0,0,16520,0,0,0,0,0,0,0,0,0,0,0,0,0
2015-12-09 14:16:02,4458,0,0,1349,11637,-1,0,4,0,0,19787,74,0,3,0,0,0,0,0,0,0,0,0,16281,0,0,0,0,0,0,0,0,0,0,0,0,0
2015-12-09 14:16:03,2681,1370,0,1349,11637,-1,0,11128,0,0,19588,59,0,5,0,0,0,0,0,0,0,0,0,16017,0,0,0,0,0,0,0,0,0,0,0,0,0
2015-12-09 14:16:04,988,0,0,1349,11637,-1,0,11112,0,0,17468,43,0,4,0,0,0,0,0,0,0,0,0,13771,0,0,0,0,0,0,0,0,0,0,0,0,0
2015-12-09 14:16:05,2112,0,0,1349,11637,-1,0,0,0,0,19014,89,0,3,0,0,0,0,0,0,0,0,0,15993,0,0,0,0,0,0,0,0,0,0,0,0,0
2015-12-09 14:16:06,3476,0,0,1349,11637,-1,0,8,0,0,28091,78,0,5,0,0,1024,0,0,1,0,0,0,17341,0,0,0,0,0,0,0,0,6043,0,0,0,0
2015-12-09 14:16:07,4577,0,0,1349,11637,-1,0,4,0,0,19121,53,0,6,0,0,0,0,0,0,0,0,0,15419,0,0,0,0,0,0,0,0,0,0,0,0,0
2015-12-09 14:16:08,3155,1553,0,1349,11637,-1,0,11164,0,0,20342,62,0,4,0,0,0,0,0,0,0,0,0,16916,0,0,0,0,0,0,0,0,0,0,0,0,0
2015-12-09 14:16:09,1014,0,0,1349,11637,-1,0,12696,0,0,17597,38,0,1,0,0,0,0,0,0,0,0,0,14305,0,0,0,0,0,0,0,0,0,0,0,0,0
2015-12-09 14:16:10,2154,0,0,1349,11637,-1,0,0,0,0,19379,109,0,7,0,0,0,0,0,0,0,0,0,15954,0,0,0,0,0,0,0,0,0,0,0,0,0
2015-12-09 14:16:11,3412,0,0,1349,11637,-1,0,0,0,0,20017,56,0,5,0,0,0,0,0,0,0,0,0,16404,0,0,0,0,0,0,0,0,0,0,0,0,0
2015-12-09 14:16:12,4860,0,0,1349,11637,-1,0,20,0,0,27176,74,0,6,0,0,128,0,0,1,0,0,0,17656,0,0,0,0,0,0,0,0,6034,0,0,0,0
2015-12-09 14:16:13,2848,1571,0,1349,11637,-1,0,12552,0,0,20416,76,0,3,0,0,0,0,0,0,0,0,0,16854,0,0,0,0,0,0,0,0,0,0,0,0,0
2015-12-09 14:16:14,1117,0,0,1352,11637,-1,0,11616,0,0,17559,83,0,319,0,0,0,0,0,0,0,0,0,14486,0,0,0,0,0,0,0,0,0,0,0,0,0
2015-12-09 14:16:15,2372,0,0,1352,11637,-1,0,0,0,0,19491,51,0,4,0,0,0,0,0,0,0,0,0,16279,0,0,0,0,0,0,0,0,0,0,0,0,0
2015-12-09 14:16:16,3387,0,0,1352,11637,-1,0,8,0,0,18563,66,0,5,0,0,0,0,0,0,0,0,0,14676,0,0,0,0,0,0,0,0,0,0,0,0,0
2015-12-09 14:16:17,4779,0,0,1352,11637,-1,0,4,0,0,20549,76,0,4,0,0,0,0,0,0,0,0,0,16841,0,0,0,0,0,0,0,0,0,0,0,0,0
2015-12-09 14:16:18,2274,1772,0,1352,11637,-1,0,15388,0,0,28619,82,0,4,0,0,1024,0,0,1,0,0,0,19393,0,0,0,0,0,0,0,0,6025,0,0,0,0
2015-12-09 14:16:19,564,0,0,1353,11637,-1,0,8864,0,0,11642,31,0,178,0,0,0,0,0,0,0,0,0,9239,0,0,0,0,0,0,0,0,0,0,0,0,0
2015-12-09 14:16:20,1696,0,0,1353,11637,-1,0,0,0,0,19876,50,0,6,0,0,0,0,0,0,0,0,0,16228,0,0,0,0,0,0,0,0,0,0,0,0,0
2015-12-09 14:16:21,3206,0,0,1353,11637,-1,0,12,0,0,21291,75,0,7,0,0,0,0,0,0,0,0,0,17614,0,0,0,0,0,0,0,0,0,0,0,0,0
2015-12-09 14:16:22,4367,0,0,1353,11637,-1,4,4,0,0,19610,63,0,4,0,0,0,0,0,0,0,0,0,16668,0,0,0,0,0,0,0,0,0,0,0,0,0
2015-12-09 14:16:23,2544,1681,0,1353,11637,-1,0,12532,0,0,19750,75,0,1,0,0,0,0,0,0,0,0,0,16207,0,0,0,0,0,0,0,0,0,0,0,0,0
2015-12-09 14:16:24,1076,0,0,1358,11637,-1,0,10356,0,0,17077,62,0,484,0,0,0,0,0,0,0,0,0,14476,0,0,0,0,0,0,0,0,0,0,0,0,0
2015-12-09 14:16:25,2222,0,0,1358,11637,-1,0,0,0,0,26452,70,0,5,0,0,0,0,0,1,0,0,0,17928,0,0,0,0,0,0,0,0,6015,0,0,0,0
2015-12-09 14:16:26,3320,0,0,1358,11637,-1,0,12,0,0,19039,70,0,6,0,0,0,0,0,0,0,0,0,15164,0,0,0,0,0,0,0,0,0,0,0,0,0
2015-12-09 14:16:27,4752,0,0,1358,11637,-1,0,4,0,0,19960,70,0,4,0,0,0,0,0,0,0,0,0,16617,0,0,0,0,0,0,0,0,0,0,0,0,0
2015-12-09 14:16:28,2409,1425,0,1358,11637,-1,0,13988,0,0,19593,64,0,6,0,0,0,0,0,0,0,0,0,15773,0,0,0,0,0,0,0,0,0,0,0,0,0
2015-12-09 14:16:29,1003,0,0,1358,11637,-1,0,9500,0,0,16566,60,0,5,0,0,0,0,0,0,0,0,0,13450,0,0,0,0,0,0,0,0,0,0,0,0,0
2015-12-09 14:16:30,2424,0,0,1358,11637,-1,0,0,0,0,19424,78,0,5,0,0,0,0,0,0,0,0,0,15689,0,0,0,0,0,0,0,0,0,0,0,0,0
2015-12-09 14:16:31,3745,0,0,1358,11637,-1,0,8,0,0,20177,88,0,5,0,0,0,0,0,0,0,0,0,16392,0,0,0,0,0,0,0,0,0,0,0,0,0
2015-12-09 14:16:32,4966,0,0,1358,11637,-1,0,4,0,0,27332,75,0,5,0,0,1024,0,0,1,0,0,0,18012,0,0,0,0,0,0,0,0,6008,0,0,0,0
2015-12-09 14:16:33,3015,1443,0,1358,11637,-1,0,13188,0,0,18939,100,0,10,0,0,0,0,0,0,0,0,0,15383,0,0,0,0,0,0,0,0,0,0,0,0,0
2015-12-09 14:16:34,1355,0,0,1358,11637,-1,0,11796,0,0,19985,72,0,1,0,0,0,0,0,0,0,0,0,16552,0,0,0,0,0,0,0,0,0,0,0,0,0
2015-12-09 14:16:35,2530,0,0,1358,11637,-1,0,0,0,0,18143,50,0,5,0,0,0,0,0,0,0,0,0,14775,0,0,0,0,0,0,0,0,0,0,0,0,0
2015-12-09 14:16:36,3825,0,0,1358,11637,-1,0,8,0,0,19442,113,0,6,0,0,0,0,0,0,0,0,0,15975,0,0,0,0,0,0,0,0,0,0,0,0,0
2015-12-09 14:16:37,5046,0,0,1358,11637,-1,0,4,0,0,19954,86,0,10,0,0,0,0,0,0,0,0,0,16227,0,0,0,0,0,0,0,0,0,0,0,0,0
2015-12-09 14:16:38,2903,1571,0,1358,11637,-1,0,13932,0,0,18332,61,0,2,0,0,0,0,0,0,0,0,0,14812,0,0,0,0,0,0,0,0,0,0,0,0,0
2015-12-09 14:16:39,1385,0,0,1358,11637,-1,0,11556,0,0,27344,77,0,4,0,0,0,0,0,1,0,0,0,15856,0,0,0,0,0,0,0,0,5998,0,0,0,0
2015-12-09 14:16:40,2666,0,0,1358,11637,-1,0,0,0,0,20405,97,0,8,0,0,0,0,0,0,0,0,0,16691,0,0,0,0,0,0,0,0,0,0,0,0,0
2015-12-09 14:16:41,4115,0,0,1358,11637,-1,0,8,0,0,20560,91,0,7,0,0,0,0,0,0,0,0,0,16925,0,0,0,0,0,0,0,0,0,0,0,0,0
2015-12-09 14:16:42,5157,0,0,1358,11637,-1,0,4,0,0,17992,79,0,1,0,0,0,0,0,0,0,0,0,14302,0,0,0,0,0,0,0,0,0,0,0,0,0
2015-12-09 14:16:43,2656,1498,0,1358,11637,-1,0,15356,0,0,20426,80,0,3,0,0,0,0,0,0,0,0,0,16824,0,0,0,0,0,0,0,0,0,0,0,0,0
2015-12-09 14:16:44,1097,0,0,1358,11637,-1,0,10724,0,0,15913,56,0,5,0,0,0,0,0,0,0,0,0,13449,0,0,0,0,0,0,0,0,0,0,0,0,0
2015-12-09 14:16:45,2325,0,0,1358,11637,-1,0,0,0,0,18696,74,0,6,0,0,0,0,0,0,0,0,0,19073,0,0,0,0,0,0,0,0,0,0,0,0,0
2015-12-09 14:16:46,3408,0,0,1358,11637,-1,0,16,0,0,25587,68,0,4,0,0,1152,0,0,1,0,0,0,14994,0,0,0,0,0,0,0,0,5991,0,0,0,0
2015-12-09 14:16:47,4620,0,0,1358,11637,-1,0,4,0,0,18567,66,0,4,0,0,0,0,0,0,0,0,0,15215,0,0,0,0,0,0,0,0,0,0,0,0,0
2015-12-09 14:16:48,2415,1571,0,1358,11637,-1,4,13984,0,0,18114,72,0,6,0,0,0,0,0,0,0,0,0,15066,0,0,0,0,0,0,0,0,0,0,0,0,0
2015-12-09 14:16:49,1001,0,0,1358,11637,-1,0,9580,0,0,17643,47,0,7,0,0,0,0,0,0,0,0,0,14459,0,0,0,0,0,0,0,0,0,0,0,0,0
2015-12-09 14:16:50,2140,0,0,1358,11637,-1,0,0,0,0,18264,71,0,5,0,0,0,0,0,0,0,0,0,14536,0,0,0,0,0,0,0,0,0,0,0,0,0
2015-12-09 14:16:51,3582,0,0,1358,11637,-1,0,0,0,0,18031,91,0,2,0,0,0,0,0,0,0,0,0,15192,0,0,0,0,0,0,0,0,0,0,0,0,0
2015-12-09 14:16:52,4713,0,0,1358,11637,-1,0,12,0,0,14753,64,0,7,0,0,0,0,0,0,0,0,0,13479,0,0,0,0,0,0,0,0,0,0,0,0,0
2015-12-09 14:16:53,2729,1589,0,1358,11637,-1,0,12560,0,0,25849,77,0,7,0,0,0,0,0,1,0,0,0,17586,0,0,0,0,0,0,0,0,5985,0,0,0,0
2015-12-09 14:16:54,526,0,0,1358,11637,-1,0,10916,0,0,11072,39,0,6,0,0,0,0,0,0,0,0,0,8516,0,0,0,0,0,0,0,0,0,0,0,0,0
2015-12-09 14:16:55,1704,0,0,1358,11637,-1,0,0,0,0,18041,76,0,1,0,0,0,0,0,0,0,0,0,14996,0,0,0,0,0,0,0,0,0,0,0,0,0
2015-12-09 14:16:56,3052,0,0,1358,11637,-1,0,0,0,0,19722,70,0,8,0,0,0,0,0,0,0,0,0,16275,0,0,0,0,0,0,0,0,0,0,0,0,0
2015-12-09 14:16:57,4409,0,0,1358,11637,-1,0,0,0,0,20498,83,0,3,0,0,0,0,0,0,0,0,0,16666,0,0,0,0,0,0,0,0,0,0,0,0,0
2015-12-09 14:16:58,2671,1352,0,1358,11637,-1,0,12532,0,0,19869,56,0,6,0,0,0,0,0,0,0,0,0,16413,0,0,0,0,0,0,0,0,0,0,0,0,0
2015-12-09 14:16:59,1418,0,0,1358,11637,-1,0,10200,0,0,19563,110,0,2,0,0,0,0,0,0,0,0,0,18618,0,0,0,0,0,0,0,0,0,0,0,0,0
2015-12-09 14:17:00,2813,0,0,1358,11637,-1,0,0,0,0,27783,68,0,2,0,0,1024,0,0,1,0,0,0,20633,0,0,0,0,0,0,0,0,5979,0,0,0,0
2015-12-09 14:17:01,4091,0,0,1358,11637,-1,0,0,0,0,20782,91,0,8,0,0,0,0,0,0,0,0,0,16921,0,0,0,0,0,0,0,0,0,0,0,0,0
2015-12-09 14:17:02,5430,0,0,1358,11637,-1,0,0,0,0,21189,75,0,6,0,0,0,0,0,0,0,0,0,16565,0,0,0,0,0,0,0,0,0,0,0,0,0
2015-12-09 14:17:03,3286,1717,0,1358,11637,-1,0,13960,0,0,19309,88,0,7,0,0,0,0,0,0,0,0,0,16489,0,0,0,0,0,0,0,0,0,0,0,0,0
2015-12-09 14:17:04,1303,0,0,1358,11637,-1,0,13356,0,0,19277,63,0,2,0,0,0,0,0,0,0,0,0,15682,0,0,0,0,0,0,0,0,0,0,0,0,0
2015-12-09 14:17:05,2699,0,0,1358,11637,-1,0,0,0,0,19619,97,0,5,0,0,0,0,0,0,0,0,0,15831,0,0,0,0,0,0,0,0,0,0,0,0,0
2015-12-09 14:17:06,3814,0,0,1358,11637,-1,0,0,0,0,19735,93,0,2,0,0,0,0,0,0,0,0,0,16769,0,0,0,0,0,0,0,0,0,0,0,0,0
2015-12-09 14:17:07,5407,0,0,1358,11637,-1,0,0,0,0,28341,121,0,4,0,0,0,0,0,1,0,0,0,20097,0,0,0,0,0,0,0,0,5972,0,0,0,0
2015-12-09 14:17:08,3128,1717,0,1358,11637,-1,0,13992,0,0,19215,82,0,1,0,0,0,0,0,0,0,0,0,16428,0,0,0,0,0,0,0,0,0,0,0,0,0
2015-12-09 14:17:09,1108,0,0,1358,11637,-1,0,12684,0,0,16057,74,0,5,0,0,0,0,0,0,0,0,0,13156,0,0,0,0,0,0,0,0,0,0,0,0,0
2015-12-09 14:17:10,2458,0,0,1358,11637,-1,0,12,0,0,19464,80,0,2,0,0,0,0,0,0,0,0,0,15730,0,0,0,0,0,0,0,0,0,0,0,0,0
2015-12-09 14:17:11,3741,0,0,1358,11637,-1,0,0,0,0,20474,97,0,3,0,0,0,0,0,0,0,0,0,16745,0,0,0,0,0,0,0,0,0,0,0,0,0
2015-12-09 14:17:12,5269,0,0,1358,11637,-1,0,0,0,0,22325,105,0,2,0,0,0,0,0,0,0,0,0,20327,0,0,0,0,0,0,0,0,0,0,0,0,0
2015-12-09 14:17:13,3497,1443,0,1358,11637,-1,4,12544,0,0,19997,86,0,1,0,0,0,0,0,0,0,0,0,21224,0,0,0,0,0,0,0,0,0,0,0,0,0
2015-12-09 14:17:14,787,0,0,1358,11637,-1,0,14052,0,0,11531,30,0,2,0,0,0,0,0,0,0,0,0,12030,0,0,0,0,0,0,0,0,0,0,0,0,0
2015-12-09 14:17:15,2058,0,0,1358,11637,-1,0,0,0,0,27228,97,0,5,0,0,0,0,0,1,0,0,0,17076,0,0,0,0,0,0,0,0,5967,0,0,0,0
2015-12-09 14:17:16,3189,0,0,1358,11637,-1,0,12,0,0,19137,81,0,2,0,0,0,0,0,0,0,0,0,15682,0,0,0,0,0,0,0,0,0,0,0,0,0
2015-12-09 14:17:17,4588,0,0,1358,11637,-1,0,0,0,0,20206,109,0,3,0,0,0,0,0,0,0,0,0,16552,0,0,0,0,0,0,0,0,0,0,0,0,0
2015-12-09 14:17:18,1789,1516,0,1358,11637,-1,0,16772,0,0,20310,69,0,3,0,0,0,0,0,0,0,0,0,16733,0,0,0,0,0,0,0,0,0,0,0,0,0
2015-12-09 14:17:19,1204,0,0,1358,11637,-1,0,7048,0,0,19924,70,0,3,0,0,0,0,0,0,0,0,0,15838,0,0,0,0,0,0,0,0,0,0,0,0,0
2015-12-09 14:17:20,2633,0,0,1358,11637,-1,0,0,0,0,20894,50,0,3,0,0,0,0,0,0,0,0,0,17201,0,0,0,0,0,0,0,0,0,0,0,0,0
2015-12-09 14:17:21,4080,0,0,1358,11637,-1,0,0,0,0,20039,103,0,2,0,0,0,0,0,0,0,0,0,16399,0,0,0,0,0,0,0,0,0,0,0,0,0
2015-12-09 14:17:22,5181,0,0,1358,11637,-1,0,20,0,0,27208,84,0,2,0,0,1152,0,0,1,0,0,0,14656,0,0,0,0,0,0,0,0,5960,0,0,0,0
2015-12-09 14:17:23,2298,1425,0,1358,11637,-1,0,16736,0,0,19990,91,0,5,0,0,0,0,0,0,0,0,0,16570,0,0,0,0,0,0,0,0,0,0,0,0,0
2015-12-09 14:17:24,1058,0,0,1359,11637,-1,0,9188,0,0,18132,49,0,237,0,0,0,0,0,0,0,0,0,15213,0,0,0,0,0,0,0,0,0,0,0,0,0
2015-12-09 14:17:25,2297,0,0,1359,11637,-1,0,0,0,0,19142,79,0,4,0,0,0,0,0,0,0,0,0,15290,0,0,0,0,0,0,0,0,0,0,0,0,0
2015-12-09 14:17:26,3485,0,0,1359,11637,-1,0,0,0,0,16377,75,0,3,0,0,0,0,0,0,0,0,0,13415,0,0,0,0,0,0,0,0,0,0,0,0,0
2015-12-09 14:17:27,4629,0,0,1359,11637,-1,0,0,0,0,18570,68,0,6,0,0,0,0,0,0,0,0,0,15168,0,0,0,0,0,0,0,0,0,0,0,0,0
2015-12-09 14:17:28,3717,1516,0,1359,11637,-1,0,8352,0,0,17004,78,0,1,0,0,0,0,0,0,0,0,0,16528,0,0,0,0,0,0,0,0,0,0,0,0,0
2015-12-09 14:17:29,991,0,0,1359,11637,-1,0,15152,0,0,23140,71,0,3,0,0,0,0,0,1,0,0,0,13817,0,0,0,0,0,0,0,0,5953,0,0,0,0
2015-12-09 14:17:30,2269,0,0,1359,11637,-1,0,0,0,0,19326,78,0,3,0,0,0,0,0,0,0,0,0,15450,0,0,0,0,0,0,0,0,0,0,0,0,0
2015-12-09 14:17:31,3469,0,0,1359,11637,-1,0,0,0,0,19488,88,0,4,0,0,0,0,0,0,0,0,0,15544,0,0,0,0,0,0,0,0,0,0,0,0,0
2015-12-09 14:17:32,4918,0,0,1359,11637,-1,0,0,0,0,20018,118,0,2,0,0,0,0,0,0,0,0,0,17181,0,0,0,0,0,0,0,0,0,0,0,0,0
2015-12-09 14:17:33,4219,1571,0,1359,11637,-1,0,8328,0,0,19976,77,0,24,0,0,0,0,0,0,0,0,0,16551,0,0,0,0,0,0,0,0,0,0,0,0,0
2015-12-09 14:17:34,1123,0,0,1339,11637,-1,0,17196,0,0,19257,81,0,3,0,0,0,0,0,0,0,0,0,15076,0,0,0,0,0,0,0,0,0,0,0,0,0
2015-12-09 14:17:35,2402,0,0,1339,11637,-1,0,0,0,0,19969,102,0,6,0,0,0,0,0,0,0,0,0,20124,0,0,0,0,0,0,0,0,0,0,0,0,0
2015-12-09 14:17:36,3791,0,0,1339,11637,-1,0,0,0,0,20199,96,0,2,0,0,0,0,0,0,0,0,0,21151,0,0,0,0,0,0,0,0,0,0,0,0,0
2015-12-09 14:17:37,5240,0,0,1339,11637,-1,0,0,0,0,27283,89,0,1,0,0,1152,0,0,1,0,0,0,16809,0,0,0,0,0,0,0,0,5949,0,0,0,0
2015-12-09 14:17:38,4384,1534,0,1339,11637,-1,4,8388,0,0,18928,97,0,8,0,0,0,0,0,0,0,0,0,16394,0,0,0,0,0,0,0,0,0,0,0,0,0
2015-12-09 14:17:39,1139,30,0,1339,11637,-1,0,18068,0,0,17668,95,0,4,0,0,0,0,0,0,0,0,0,13667,0,0,0,0,0,0,0,0,0,0,0,0,0
2015-12-09 14:17:40,2506,0,0,1339,11637,-1,0,0,0,0,19573,77,0,5,0,0,0,0,0,0,0,0,0,15994,0,0,0,0,0,0,0,0,0,0,0,0,0
2015-12-09 14:17:41,3762,0,0,1337,11637,-1,0,0,0,0,19480,79,0,1,0,0,0,0,0,0,0,0,0,16416,0,0,0,0,0,0,0,0,0,0,0,0,0
2015-12-09 14:17:42,4995,0,0,1337,11637,-1,0,0,0,0,18214,99,0,4,0,0,0,0,0,0,0,0,0,15635,0,0,0,0,0,0,0,0,0,0,0,0,0
2015-12-09 14:17:43,4194,1589,0,1337,11637,-1,0,8364,0,0,26267,83,0,3,0,0,1024,0,0,1,0,0,0,18789,0,0,0,0,0,0,0,0,5942,0,0,0,0
2015-12-09 14:17:44,1098,0,0,1337,11637,-1,0,17352,0,0,18857,94,0,5,0,0,0,0,0,0,0,0,0,14814,0,0,0,0,0,0,0,0,0,0,0,0,0
2015-12-09 14:17:45,2386,0,0,1337,11637,-1,0,0,0,0,18504,64,0,3,0,0,0,0,0,0,0,0,0,15688,0,0,0,0,0,0,0,0,0,0,0,0,0
2015-12-09 14:17:46,3971,0,0,1337,11637,-1,0,0,0,0,21195,99,0,15,0,0,0,0,0,0,0,0,0,16736,0,0,0,0,0,0,0,0,0,0,0,0,0
2015-12-09 14:17:47,5143,0,0,1334,11637,-1,0,0,0,0,18855,75,0,5,0,0,0,0,0,0,0,0,0,15822,0,0,0,0,0,0,0,0,0,0,0,0,0
2015-12-09 14:17:48,3972,1644,0,1334,11637,-1,0,9796,0,0,20437,72,0,4,0,0,0,0,0,0,0,0,0,16815,0,0,0,0,0,0,0,0,0,0,0,0,0
2015-12-09 14:17:49,1227,0,0,1334,11637,-1,0,16480,0,0,19763,73,0,8,0,0,0,0,0,0,0,0,0,16313,0,0,0,0,0,0,0,0,0,0,0,0,0
2015-12-09 14:17:50,2602,0,0,1335,11637,-1,0,0,0,0,26947,111,0,63,0,0,1024,0,0,1,0,0,0,18499,0,0,0,0,0,0,0,0,5937,0,0,0,0
2015-12-09 14:17:51,3799,0,0,1337,11637,-1,0,0,0,0,20135,78,0,273,0,0,0,0,0,0,0,0,0,16846,0,0,0,0,0,0,0,0,0,0,0,0,0
2015-12-09 14:17:52,5145,0,0,1337,11637,-1,0,0,0,0,19812,106,0,380,0,0,0,0,0,0,0,0,0,16543,0,0,0,0,0,0,0,0,0,0,0,0,0
2015-12-09 14:17:53,4437,1443,0,1337,11637,-1,0,8340,0,0,19511,87,0,153,0,0,0,0,0,0,0,0,0,16457,0,0,0,0,0,0,0,0,0,0,0,0,0
2015-12-09 14:17:54,689,0,0,1349,11637,-1,0,17996,0,0,13448,71,0,1762,0,0,0,0,0,0,0,0,0,13231,0,0,0,0,0,0,0,0,0,0,0,0,0
2015-12-09 14:17:55,2243,0,0,1350,11637,-1,0,0,0,0,28594,92,0,274,0,0,128,0,0,1,0,0,0,18357,0,0,0,0,0,0,0,0,5923,0,0,0,0
2015-12-09 14:17:56,3513,0,0,1350,11637,-1,0,0,0,0,19751,65,0,5,0,0,0,0,0,0,0,0,0,16368,0,0,0,0,0,0,0,0,0,0,0,0,0
2015-12-09 14:17:57,4810,0,0,1350,11637,-1,0,0,0,0,19191,81,0,133,0,0,0,0,0,0,0,0,0,15586,0,0,0,0,0,0,0,0,0,0,0,0,0
2015-12-09 14:17:58,3510,1626,0,1350,11637,-1,0,9728,0,0,18963,109,0,2,0,0,0,0,0,0,0,0,0,15252,0,0,0,0,0,0,0,0,0,0,0,0,0
2015-12-09 14:17:59,1101,0,0,1350,11637,-1,0,14524,0,0,16252,48,0,4,0,0,0,0,0,0,0,0,0,13117,0,0,0,0,0,0,0,0,0,0,0,0,0
2015-12-09 14:18:00,2306,0,0,1350,11637,-1,0,0,0,0,19163,101,0,33,0,0,0,0,0,0,0,0,0,16153,0,0,0,0,0,0,0,0,0,0,0,0,0
2015-12-09 14:18:01,3586,0,0,1350,11637,-1,0,0,0,0,27590,81,0,9,0,0,1024,0,0,1,0,0,0,19056,0,0,0,0,0,0,0,0,5915,0,0,0,0
2015-12-09 14:18:02,5073,0,0,1350,11637,-1,4,0,0,0,20093,94,0,12,0,0,0,0,0,0,0,0,0,16447,0,0,0,0,0,0,0,0,0,0,0,0,0
2015-12-09 14:18:03,4240,1388,0,1346,11637,-1,0,8356,0,0,19309,106,0,121,0,0,0,0,0,0,0,0,0,17052,0,0,0,0,0,0,0,0,0,0,0,0,0
2015-12-09 14:18:04,1109,0,0,1348,11637,-1,0,17560,0,0,17310,78,0,520,0,0,0,0,0,0,0,0,0,13987,0,0,0,0,0,0,0,0,0,0,0,0,0
2015-12-09 14:18:05,2457,0,0,1348,11637,-1,0,0,0,0,29146,123,0,2279,0,0,0,0,0,1,0,0,0,18675,0,0,0,0,0,0,0,0,5905,0,0,0,0
2015-12-09 14:18:06,3802,0,0,1354,11637,-1,0,0,0,0,20796,74,0,160,0,0,0,0,0,0,0,0,0,17300,0,0,0,0,0,0,0,0,0,0,0,0,0
2015-12-09 14:18:07,5310,0,0,1354,11637,-1,0,0,0,0,20764,96,0,411,0,0,0,0,0,0,0,0,0,17601,0,0,0,0,0,0,0,0,0,0,0,0,0
2015-12-09 14:18:08,4166,1717,0,1354,11637,-1,0,9780,0,0,19361,112,0,434,0,0,0,0,0,0,0,0,0,17952,0,0,0,0,0,0,0,0,0,0,0,0,0
2015-12-09 14:18:09,1200,0,0,1358,11637,-1,0,17224,0,0,27547,108,0,3419,0,0,1024,0,0,1,0,0,0,20310,0,0,0,0,0,0,0,0,5890,0,0,0,0
2015-12-09 14:18:10,2537,0,0,1358,11637,-1,0,0,0,0,20568,92,0,2,0,0,0,0,0,0,0,0,0,17056,0,0,0,0,0,0,0,0,0,0,0,0,0
2015-12-09 14:18:11,3961,0,0,1358,11637,-1,0,0,0,0,21192,124,0,9,0,0,0,0,0,0,0,0,0,17331,0,0,0,0,0,0,0,0,0,0,0,0,0
2015-12-09 14:18:12,5378,0,0,1358,11637,-1,0,0,0,0,20928,69,0,25,0,0,0,0,0,0,0,0,0,16534,0,0,0,0,0,0,0,0,0,0,0,0,0
2015-12-09 14:18:13,3940,1443,0,1354,11637,-1,0,11160,0,0,27632,100,0,19,0,0,0,0,0,1,0,0,0,16489,0,0,0,0,0,0,0,0,5880,0,0,0,0
2015-12-09 14:18:14,1247,0,0,1354,11637,-1,0,16568,0,0,19552,75,0,50,0,0,0,0,0,0,0,0,0,15919,0,0,0,0,0,0,0,0,0,0,0,0,0
2015-12-09 14:18:15,2632,0,0,1354,11637,-1,0,0,0,0,20155,117,0,5,0,0,0,0,0,0,0,0,0,16716,0,0,0,0,0,0,0,0,0,0,0,0,0
2015-12-09 14:18:16,3887,0,0,1354,11637,-1,0,0,0,0,18568,101,0,6,0,0,0,0,0,0,0,0,0,15580,0,0,0,0,0,0,0,0,0,0,0,0,0
2015-12-09 14:18:17,5106,0,0,1354,11637,-1,0,0,0,0,18863,102,0,1,0,0,0,0,0,0,0,0,0,15179,0,0,0,0,0,0,0,0,0,0,0,0,0
2015-12-09 14:18:18,3487,1608,0,1354,11637,-1,0,11192,0,0,17672,83,0,7,0,0,0,0,0,0,0,0,0,14986,0,0,0,0,0,0,0,0,0,0,0,0,0
2015-12-09 14:18:19,927,0,0,1354,11637,-1,0,14432,0,0,16320,74,0,7,0,0,0,0,0,0,0,0,0,12836,0,0,0,0,0,0,0,0,0,0,0,0,0
2015-12-09 14:18:20,2404,0,0,1354,11637,-1,0,12,0,0,18773,86,0,3,0,0,0,0,0,0,0,0,0,16720,0,0,0,0,0,0,0,0,0,0,0,0,0
2015-12-09 14:18:21,3676,0,0,1352,11637,-1,0,0,0,0,26502,96,0,5,0,0,128,0,0,1,0,0,0,15865,0,0,0,0,0,0,0,0,5874,0,0,0,0
2015-12-09 14:18:22,5109,0,0,1351,11637,-1,0,0,0,0,19587,86,0,3,0,0,0,0,0,0,0,0,0,15814,0,0,0,0,0,0,0,0,0,0,0,0,0
2015-12-09 14:18:23,4001,1571,0,1351,11637,-1,4,9768,0,0,19768,120,0,17,0,0,0,0,0,0,0,0,0,16508,0,0,0,0,0,0,0,0,0,0,0,0,0
2015-12-09 14:18:24,1385,0,0,1350,11637,-1,0,16224,0,0,21033,99,0,8,0,0,0,0,0,0,0,0,0,17043,0,0,0,0,0,0,0,0,0,0,0,0,0
2015-12-09 14:18:25,2808,0,0,1350,11637,-1,0,0,0,0,21710,105,0,1,0,0,0,0,0,0,0,0,0,17779,0,0,0,0,0,0,0,0,0,0,0,0,0
2015-12-09 14:18:26,4005,0,0,1350,11637,-1,0,20,0,0,19157,81,0,6,0,0,0,0,0,0,0,0,0,16738,0,0,0,0,0,0,0,0,0,0,0,0,0
2015-12-09 14:18:27,5397,0,0,1350,11637,-1,0,0,0,0,28047,86,0,7,0,0,2048,0,0,2,0,0,0,20107,0,0,0,0,0,0,0,0,5869,0,0,0,0
2015-12-09 14:18:28,4222,1443,0,1349,11637,-1,0,9780,0,0,19581,74,0,3,0,0,0,0,0,0,0,0,0,15874,0,0,0,0,0,0,0,0,0,0,0,0,0
2015-12-09 14:18:29,977,25,0,1349,11637,-1,0,17848,0,0,19728,103,0,2,0,0,0,0,0,0,0,0,0,16175,0,0,0,0,0,0,0,0,0,0,0,0,0
2015-12-09 14:18:30,2137,0,0,1349,11637,-1,0,0,0,0,18172,57,0,4,0,0,0,0,0,0,0,0,0,14758,0,0,0,0,0,0,0,0,0,0,0,0,0
2015-12-09 14:18:31,3426,0,0,1348,11637,-1,0,20,0,0,19508,89,0,13,0,0,0,0,0,0,0,0,0,15520,0,0,0,0,0,0,0,0,0,0,0,0,0
2015-12-09 14:18:32,4921,0,0,1347,11637,-1,0,0,0,0,22003,73,0,1,0,0,0,0,0,0,1,0,0,17636,0,0,0,0,0,0,0,0,0,0,0,1024,0
2015-12-09 14:18:33,3929,1571,0,1346,11637,-1,0,9784,0,0,20721,96,0,224,0,0,0,0,0,0,0,0,0,17941,0,0,0,0,0,0,0,0,0,0,0,0,0
2015-12-09 14:18:34,1076,0,0,1349,11637,-1,0,16004,0,0,15998,77,0,304,0,0,0,0,0,0,0,0,0,13224,0,0,0,0,0,0,0,0,0,0,0,0,0
2015-12-09 14:18:35,2342,0,0,1349,11637,-1,0,20,0,0,26815,102,0,261,0,0,0,0,0,1,0,0,0,16019,0,0,0,0,0,0,0,0,5860,0,0,0,0
2015-12-09 14:18:36,3749,0,0,1349,11637,-1,0,4,0,0,19862,98,0,214,0,0,0,0,0,0,0,0,0,16529,0,0,0,0,0,0,0,0,0,0,0,0,0
2015-12-09 14:18:37,4962,0,0,1349,11637,-1,0,0,0,0,18193,66,0,3,0,0,0,0,0,0,0,0,0,14817,0,0,0,0,0,0,0,0,0,0,0,0,0
2015-12-09 14:18:38,3262,1498,0,1350,11637,-1,0,11180,0,0,16777,86,0,260,0,0,0,0,0,0,0,0,0,15315,0,0,0,0,0,0,0,0,0,0,0,0,0
2015-12-09 14:18:39,933,0,0,1350,11637,-1,0,13436,0,0,17247,68,0,136,0,0,0,0,0,0,0,0,0,13319,0,0,0,0,0,0,0,0,0,0,0,0,0
2015-12-09 14:18:40,2420,0,0,1350,11637,-1,0,24,0,0,21424,96,0,103,0,0,0,0,0,0,0,0,0,17890,0,0,0,0,0,0,0,0,0,0,0,0,0
2015-12-09 14:18:41,3910,0,0,1350,11637,-1,0,4,0,0,27010,102,0,269,0,0,1024,0,0,1,0,0,0,16753,0,0,0,0,0,0,0,0,5851,0,0,0,0
2015-12-09 14:18:42,5203,0,0,1349,11637,-1,0,0,0,0,19601,121,0,4157,0,0,0,0,0,0,0,0,0,14701,0,0,0,0,0,0,0,0,0,0,0,0,0
2015-12-09 14:18:43,3356,1389,0,1352,11637,-1,0,12508,0,0,26930,105,0,2543,0,0,128,0,0,1,0,0,0,11968,0,0,0,0,0,0,0,0,5833,0,0,0,0
2015-12-09 14:18:44,1153,0,0,1353,11637,-1,0,14008,0,0,19102,93,0,311,0,0,0,0,0,0,0,0,0,16234,0,0,0,0,0,0,0,0,0,0,0,0,0
2015-12-09 14:18:45,2136,0,0,1354,11637,-1,0,0,0,0,17500,74,0,366,0,0,0,0,0,0,0,0,0,14659,0,0,0,0,0,0,0,0,0,0,0,0,0
2015-12-09 14:18:46,3475,0,0,1354,11637,-1,0,24,0,0,27090,98,0,282,0,0,1024,0,0,1,0,0,0,11215,0,0,0,0,0,0,0,0,5818,0,0,0,0
2015-12-09 14:18:47,4804,0,0,1355,11637,-1,0,0,0,0,19651,90,0,141,0,0,0,0,0,0,0,0,0,17008,0,0,0,0,0,0,0,0,0,0,0,0,0
2015-12-09 14:18:48,3183,1535,0,1356,11637,-1,0,11116,0,0,18141,76,0,237,0,0,0,0,0,0,0,0,0,14740,0,0,0,0,0,0,0,0,0,0,0,0,0
2015-12-09 14:18:49,897,0,0,1356,11637,-1,4,13568,0,0,19693,57,0,256,0,0,0,0,0,0,0,0,0,16095,0,0,0,0,0,0,0,0,0,0,0,0,0
2015-12-09 14:18:50,2312,0,0,1357,11637,-1,0,0,0,0,20226,111,0,267,0,0,0,0,0,0,0,0,0,17274,0,0,0,0,0,0,0,0,0,0,0,0,0
2015-12-09 14:18:51,3611,0,0,1357,11637,-1,0,8,0,0,19732,102,0,290,0,0,0,0,0,0,0,0,0,16365,0,0,0,0,0,0,0,0,0,0,0,0,0
2015-12-09 14:18:52,4799,0,0,1357,11637,-1,0,4,0,0,26404,76,0,254,0,0,0,0,0,1,0,0,0,15239,0,0,0,0,0,0,0,0,5809,0,0,0,0
2015-12-09 14:18:53,3203,1443,0,1372,11656,-1,0,11116,0,0,19760,96,0,10023,0,0,0,0,0,0,0,0,0,17249,0,0,0,0,0,0,0,0,0,0,0,0,0
2015-12-09 14:18:54,880,0,0,1372,11656,-1,0,12852,0,0,16898,40,0,1,0,0,0,0,0,0,0,0,0,13565,0,0,0,0,0,0,0,0,0,0,0,0,0
2015-12-09 14:18:55,2257,0,0,1373,11656,-1,0,0,0,0,19490,82,0,298,0,0,0,0,0,0,0,0,0,16946,0,0,0,0,0,0,0,0,0,0,0,0,0
2015-12-09 14:18:56,3673,0,0,1373,11656,-1,0,8,0,0,20384,100,0,255,0,0,0,0,0,0,0,0,0,16591,0,0,0,0,0,0,0,0,0,0,0,0,0
2015-12-09 14:18:57,5064,0,0,1373,11656,-1,0,4,0,0,20813,78,0,287,0,0,0,0,0,0,0,0,0,13299,0,0,0,0,0,0,0,0,0,0,0,0,0
2015-12-09 14:18:58,3529,1535,0,1373,11656,-1,0,11152,0,0,27222,106,0,5,0,0,1024,0,0,1,0,0,0,12755,0,0,0,0,0,0,0,0,5800,0,0,0,0
2015-12-09 14:18:59,914,0,0,1374,11656,-1,0,15016,0,0,19209,60,0,390,0,0,0,0,0,0,0,0,0,16293,0,0,0,0,0,0,0,0,0,0,0,0,0
2015-12-09 14:19:00,2293,0,0,1375,11656,-1,0,0,0,0,19613,82,0,289,0,0,0,0,0,0,0,0,0,16071,0,0,0,0,0,0,0,0,0,0,0,0,0
2015-12-09 14:19:01,3560,0,0,1376,11656,-1,0,8,0,0,19667,82,0,159,0,0,0,0,0,0,0,0,0,17058,0,0,0,0,0,0,0,0,0,0,0,0,0
2015-12-09 14:19:02,4734,0,0,1376,11656,-1,0,4,0,0,18808,96,0,270,0,0,0,0,0,0,0,0,0,15117,0,0,0,0,0,0,0,0,0,0,0,0,0
2015-12-09 14:19:03,2700,1699,0,1376,11656,-1,0,12548,0,0,16359,87,0,240,0,0,0,0,0,0,0,0,0,14074,0,0,0,0,0,0,0,0,0,0,0,0,0
2015-12-09 14:19:04,903,0,0,1377,11656,-1,0,11492,0,0,26372,54,0,261,0,0,128,0,0,1,0,0,0,14879,0,0,0,0,0,0,0,0,5790,0,0,0,0
2015-12-09 14:19:05,2463,0,0,1377,11656,-1,0,0,0,0,21311,83,0,242,0,0,0,0,0,0,0,0,0,17881,0,0,0,0,0,0,0,0,0,0,0,0,0
2015-12-09 14:19:06,3815,0,0,1377,11656,-1,0,0,0,0,20772,118,0,235,0,0,0,0,0,0,0,0,0,17687,0,0,0,0,0,0,0,0,0,0,0,0,0
2015-12-09 14:19:07,5112,0,0,1378,11656,-1,0,16,0,0,18398,67,0,139,0,0,0,0,0,0,0,0,0,14589,0,0,0,0,0,0,0,0,0,0,0,0,0
2015-12-09 14:19:08,3155,1772,0,1378,11656,-1,0,12632,0,0,18702,71,0,131,0,0,0,0,0,0,0,0,0,15883,0,0,0,0,0,0,0,0,0,0,0,0,0
2015-12-09 14:19:09,1033,0,0,1378,11656,-1,0,12692,0,0,17739,64,0,84,0,0,0,0,0,0,0,0,0,13958,0,0,0,0,0,0,0,0,0,0,0,0,0
2015-12-09 14:19:10,2400,0,0,1380,11656,-1,4,0,0,0,26736,95,0,471,0,0,1024,0,0,1,0,0,0,15640,0,0,0,0,0,0,0,0,5784,0,0,0,0
2015-12-09 14:19:11,3693,0,0,1380,11656,-1,0,0,0,0,20279,104,0,136,0,0,0,0,0,0,0,0,0,16900,0,0,0,0,0,0,0,0,0,0,0,0,0
2015-12-09 14:19:12,5211,0,0,1380,11656,-1,0,0,0,0,21332,112,0,225,0,0,0,0,0,0,0,0,0,17899,0,0,0,0,0,0,0,0,0,0,0,0,0
2015-12-09 14:19:13,3700,1498,0,1384,11656,-1,0,11168,0,0,27788,90,0,3946,0,0,128,0,0,1,0,0,0,19883,0,0,0,0,0,0,0,0,5769,0,0,0,0
2015-12-09 14:19:14,1429,0,0,1388,11656,-1,0,15076,0,0,19518,87,0,58,0,0,0,0,0,0,0,0,0,15678,0,0,0,0,0,0,0,0,0,0,0,0,0
2015-12-09 14:19:15,2749,0,0,1388,11656,-1,0,0,0,0,19172,88,0,204,0,0,0,0,0,0,0,0,0,16034,0,0,0,0,0,0,0,0,0,0,0,0,0
2015-12-09 14:19:16,4101,0,0,1388,11656,-1,0,0,0,0,20802,81,0,3,0,0,0,0,0,0,0,0,0,16808,0,0,0,0,0,0,0,0,0,0,0,0,0
2015-12-09 14:19:17,5286,0,0,1388,11656,-1,0,0,0,0,20431,82,0,113,0,0,0,0,0,0,0,0,0,16970,0,0,0,0,0,0,0,0,0,0,0,0,0
2015-12-09 14:19:18,4031,1571,0,1388,11656,-1,0,11204,0,0,27970,119,0,25,0,0,0,0,0,1,0,0,0,18403,0,0,0,0,0,0,0,0,5760,0,0,0,0
2015-12-09 14:19:19,748,35,0,1388,11656,-1,0,17300,0,0,18134,78,0,14,0,0,0,0,0,0,0,0,0,13936,0,0,0,0,0,0,0,0,0,0,0,0,0
2015-12-09 14:19:20,2135,0,0,1388,11656,-1,0,0,0,0,19018,69,0,19,0,0,0,0,0,0,0,0,0,15953,0,0,0,0,0,0,0,0,0,0,0,0,0
2015-12-09 14:19:21,3588,0,0,1388,11656,-1,0,0,0,0,19940,89,0,2,0,0,0,0,0,0,0,0,0,16576,0,0,0,0,0,0,0,0,0,0,0,0,0
2015-12-09 14:19:22,4846,0,0,1388,11656,-1,0,0,0,0,18332,79,0,3,0,0,0,0,0,0,0,0,0,14463,0,0,0,0,0,0,0,0,0,0,0,0,0
2015-12-09 14:19:23,3172,1498,0,1388,11656,-1,0,11200,0,0,18153,79,0,13,0,0,0,0,0,0,0,0,0,15256,0,0,0,0,0,0,0,0,0,0,0,0,0
2015-12-09 14:19:24,1088,0,0,1388,11656,-1,0,13096,0,0,18447,62,0,20,0,0,0,0,0,0,0,0,0,14576,0,0,0,0,0,0,0,0,0,0,0,0,0
2015-12-09 14:19:25,2291,0,0,1388,11656,-1,0,0,0,0,18117,89,0,1,0,0,0,0,0,0,0,0,0,4990,0,0,0,0,0,0,0,0,0,0,0,0,0
2015-12-09 14:19:26,3675,0,0,1388,11656,-1,0,0,0,0,26620,76,0,5,0,0,1024,0,0,1,0,0,0,15878,0,0,0,0,0,0,0,0,5754,0,0,0,0
2015-12-09 14:19:27,5016,0,0,1388,11656,-1,0,0,0,0,20089,98,0,14,0,0,0,0,0,0,0,0,0,16251,0,0,0,0,0,0,0,0,0,0,0,0,0
2015-12-09 14:19:28,2614,1645,0,1388,11656,-1,0,13940,0,0,17643,53,0,2,0,0,0,0,0,0,0,0,0,14081,0,0,0,0,0,0,0,0,0,0,0,0,0
2015-12-09 14:19:29,1087,0,0,1388,11656,-1,0,11992,0,0,19930,108,0,7,0,0,0,0,0,0,0,0,0,16569,0,0,0,0,0,0,0,0,0,0,0,0,0
2015-12-09 14:19:30,2364,0,0,1370,11656,-1,0,0,0,0,18458,96,0,20,0,0,0,0,0,0,0,0,0,14899,0,0,0,0,0,0,0,0,0,0,0,0,0
2015-12-09 14:19:31,3702,0,0,1370,11656,-1,0,0,0,0,19517,90,0,2,0,0,0,0,0,0,0,0,0,17291,0,0,0,0,0,0,0,0,0,0,0,0,0
2015-12-09 14:19:32,5194,0,0,1370,11656,-1,0,0,0,0,27405,84,0,1,0,0,0,0,0,1,0,0,0,21181,0,0,0,0,0,0,0,0,5749,0,0,0,0
2015-12-09 14:19:33,2960,1717,0,1370,11656,-1,0,14008,0,0,19494,85,0,3,0,0,0,0,0,0,0,0,0,15932,0,0,0,0,0,0,0,0,0,0,0,0,0
2015-12-09 14:19:34,501,0,0,1370,11656,-1,4,12484,0,0,12525,37,0,7,0,0,0,0,0,0,0,0,0,9865,0,0,0,0,0,0,0,0,0,0,0,0,0
2015-12-09 14:19:35,1866,0,0,1370,11656,-1,0,0,0,0,19785,82,0,3,0,0,0,0,0,0,0,0,0,15963,0,0,0,0,0,0,0,0,0,0,0,0,0
2015-12-09 14:19:36,3311,0,0,1370,11656,-1,0,0,0,0,20690,77,0,7,0,0,0,0,0,0,0,0,0,16872,0,0,0,0,0,0,0,0,0,0,0,0,0
2015-12-09 14:19:37,4860,0,0,1370,11656,-1,0,0,0,0,21020,110,0,3,0,0,0,0,0,0,0,0,0,17294,0,0,0,0,0,0,0,0,0,0,0,0,0
2015-12-09 14:19:38,3797,1443,0,1370,11656,-1,0,9788,0,0,20629,107,0,4,0,0,0,0,0,0,0,0,0,17185,0,0,0,0,0,0,0,0,0,0,0,0,0
2015-12-09 14:19:39,1008,0,0,1370,11656,-1,0,15488,0,0,18497,47,0,11,0,0,0,0,0,0,0,0,0,14088,0,0,0,0,0,0,0,0,0,0,0,0,0
2015-12-09 14:19:40,2239,0,0,1370,11656,-1,0,0,0,0,28063,80,0,3,0,0,1024,0,0,1,0,0,0,16390,0,0,0,0,0,0,0,0,5743,0,0,0,0
2015-12-09 14:19:41,3612,0,0,1370,11656,-1,0,0,0,0,20421,92,0,10,0,0,0,0,0,0,0,0,0,16804,0,0,0,0,0,0,0,0,0,0,0,0,0
2015-12-09 14:19:42,5187,0,0,1366,11656,-1,0,0,0,0,21366,111,0,216,0,0,0,0,0,0,0,0,0,18300,0,0,0,0,0,0,0,0,0,0,0,0,0
2015-12-09 14:19:43,3834,1517,0,1368,11656,-1,0,11156,0,0,26992,118,0,3380,0,0,128,0,0,1,0,0,0,10576,0,0,0,0,0,0,0,0,5728,0,0,0,0
2015-12-09 14:19:44,934,0,0,1369,11656,-1,0,15388,0,0,16225,68,0,35,0,0,0,0,0,0,0,0,0,12999,0,0,0,0,0,0,0,0,0,0,0,0,0
2015-12-09 14:19:45,2447,0,0,1370,11656,-1,0,0,0,0,21146,93,0,127,0,0,0,0,0,0,0,0,0,17818,0,0,0,0,0,0,0,0,0,0,0,0,0
2015-12-09 14:19:46,3710,0,0,1372,11656,-1,0,0,0,0,18124,86,0,254,0,0,0,0,0,0,0,0,0,15402,0,0,0,0,0,0,0,0,0,0,0,0,0
2015-12-09 14:19:47,4991,0,0,1379,11656,-1,0,0,0,0,27551,112,0,4067,0,0,1024,0,0,1,0,0,0,19703,0,0,0,0,0,0,0,0,5715,0,0,0,0
2015-12-09 14:19:48,3491,1626,0,1379,11656,-1,0,11168,0,0,19178,74,0,10,0,0,0,0,0,0,0,0,0,15468,0,0,0,0,0,0,0,0,0,0,0,0,0
