Memory MB iZ25qtxwjqdZ,memtotal,hightotal,lowtotal,swaptotal,memfree,highfree,lowfree,swapfree,memshared,cached,active,bigfree,buffers,swapcached,inactive
2015-12-09 14:15:01,15631.3,-0.0,-0.0,0.0,160.7,-0.0,-0.0,0.0,-0.0,13896.1,6329.9,-1.0,252.3,0.0,8458.8
2015-12-09 14:15:02,15631.3,-0.0,-0.0,0.0,160.6,-0.0,-0.0,0.0,-0.0,13897.1,6329.3,-1.0,252.3,0.0,8459.4
2015-12-09 14:15:03,15631.3,-0.0,-0.0,0.0,159.0,-0.0,-0.0,0.0,-0.0,13898.6,6330.1,-1.0,252.3,0.0,8459.9
2015-12-09 14:15:04,15631.3,-0.0,-0.0,0.0,157.7,-0.0,-0.0,0.0,-0.0,13900.1,6331.2,-1.0,252.3,0.0,8460.4
2015-12-09 14:15:05,15631.3,-0.0,-0.0,0.0,156.0,-0.0,-0.0,0.0,-0.0,13901.6,6332.1,-1.0,252.3,0.0,8461.2
2015-12-09 14:15:06,15631.3,-0.0,-0.0,0.0,154.4,-0.0,-0.0,0.0,-0.0,13903.6,6333.3,-1.0,252.4,0.0,8461.9
2015-12-09 14:15:07,15631.3,-0.0,-0.0,0.0,153.9,-0.0,-0.0,0.0,-0.0,13905.3,6332.7,-1.0,252.4,0.0,8462.6
2015-12-09 14:15:08,15631.3,-0.0,-0.0,0.0,151.1,-0.0,-0.0,0.0,-0.0,13906.9,6333.7,-1.0,252.4,0.0,8463.4
2015-12-09 14:15:09,15631.3,-0.0,-0.0,0.0,150.1,-0.0,-0.0,0.0,-0.0,13908.5,6334.6,-1.0,252.4,0.0,8464.1
2015-12-09 14:15:10,15631.3,-0.0,-0.0,0.0,149.8,-0.0,-0.0,0.0,-0.0,13910.7,6334.4,-1.0,252.4,0.0,8465.0
2015-12-09 14:15:11,15631.3,-0.0,-0.0,0.0,147.1,-0.0,-0.0,0.0,-0.0,13912.8,6335.6,-1.0,252.4,0.0,8465.9
2015-12-09 14:15:12,15631.3,-0.0,-0.0,0.0,175.7,-0.0,-0.0,0.0,-0.0,13884.6,6337.0,-1.0,252.2,0.0,8436.1
2015-12-09 14:15:13,15631.3,-0.0,-0.0,0.0,173.9,-0.0,-0.0,0.0,-0.0,13886.6,6337.3,-1.0,252.2,0.0,8437.0
2015-12-09 14:15:14,15631.3,-0.0,-0.0,0.0,172.7,-0.0,-0.0,0.0,-0.0,13888.2,6338.4,-1.0,252.2,0.0,8437.6
2015-12-09 14:15:15,15631.3,-0.0,-0.0,0.0,170.2,-0.0,-0.0,0.0,-0.0,13890.1,6339.6,-1.0,252.2,0.0,8438.6
2015-12-09 14:15:16,15631.3,-0.0,-0.0,0.0,168.7,-0.0,-0.0,0.0,-0.0,13893.2,6340.0,-1.0,252.2,0.0,8439.7
2015-12-09 14:15:17,15631.3,-0.0,-0.0,0.0,165.8,-0.0,-0.0,0.0,-0.0,13895.6,6341.4,-1.0,252.2,0.0,8441.0
2015-12-09 14:15:18,15631.3,-0.0,-0.0,0.0,163.6,-0.0,-0.0,0.0,-0.0,13897.8,6341.7,-1.0,252.2,0.0,8442.2
2015-12-09 14:15:19,15631.3,-0.0,-0.0,0.0,162.8,-0.0,-0.0,0.0,-0.0,13899.7,6342.6,-1.0,252.2,0.0,8442.9
2015-12-09 14:15:20,15631.3,-0.0,-0.0,0.0,161.0,-0.0,-0.0,0.0,-0.0,13902.3,6343.3,-1.0,252.2,0.0,8444.2
2015-12-09 14:15:21,15631.3,-0.0,-0.0,0.0,158.3,-0.0,-0.0,0.0,-0.0,13905.5,6344.8,-1.0,252.2,0.0,8445.5
2015-12-09 14:15:22,15631.3,-0.0,-0.0,0.0,154.4,-0.0,-0.0,0.0,-0.0,13908.5,6346.3,-1.0,252.2,0.0,8446.8
2015-12-09 14:15:23,15631.3,-0.0,-0.0,0.0,150.9,-0.0,-0.0,0.0,-0.0,13911.1,6347.8,-1.0,252.3,0.0,8448.3
2015-12-09 14:15:24,15631.3,-0.0,-0.0,0.0,148.8,-0.0,-0.0,0.0,-0.0,13914.4,6348.9,-1.0,252.3,0.0,8449.6
2015-12-09 14:15:25,15631.3,-0.0,-0.0,0.0,146.0,-0.0,-0.0,0.0,-0.0,13917.3,6350.1,-1.0,252.3,0.0,8451.3
2015-12-09 14:15:26,15631.3,-0.0,-0.0,0.0,174.4,-0.0,-0.0,0.0,-0.0,13889.7,6351.2,-1.0,252.2,0.0,8421.9
2015-12-09 14:15:27,15631.3,-0.0,-0.0,0.0,171.7,-0.0,-0.0,0.0,-0.0,13892.8,6352.3,-1.0,252.2,0.0,8423.5
2015-12-09 14:15:28,15631.3,-0.0,-0.0,0.0,167.8,-0.0,-0.0,0.0,-0.0,13896.4,6353.7,-1.0,252.2,0.0,8425.2
2015-12-09 14:15:29,15631.3,-0.0,-0.0,0.0,165.6,-0.0,-0.0,0.0,-0.0,13899.1,6355.1,-1.0,252.2,0.0,8426.6
2015-12-09 14:15:30,15631.3,-0.0,-0.0,0.0,162.6,-0.0,-0.0,0.0,-0.0,13902.5,6356.1,-1.0,252.2,0.0,8428.4
2015-12-09 14:15:31,15631.3,-0.0,-0.0,0.0,159.1,-0.0,-0.0,0.0,-0.0,13906.3,6357.8,-1.0,252.2,0.0,8430.3
2015-12-09 14:15:32,15631.3,-0.0,-0.0,0.0,155.2,-0.0,-0.0,0.0,-0.0,13909.5,6359.5,-1.0,252.2,0.0,8431.9
2015-12-09 14:15:33,15631.3,-0.0,-0.0,0.0,150.9,-0.0,-0.0,0.0,-0.0,13913.1,6361.6,-1.0,252.2,0.0,8433.5
2015-12-09 14:15:34,15631.3,-0.0,-0.0,0.0,148.5,-0.0,-0.0,0.0,-0.0,13916.4,6363.4,-1.0,252.2,0.0,8435.2
2015-12-09 14:15:35,15631.3,-0.0,-0.0,0.0,175.6,-0.0,-0.0,0.0,-0.0,13889.0,6365.0,-1.0,252.1,0.0,8406.1
2015-12-09 14:15:36,15631.3,-0.0,-0.0,0.0,172.4,-0.0,-0.0,0.0,-0.0,13892.6,6367.0,-1.0,252.1,0.0,8407.9
2015-12-09 14:15:37,15631.3,-0.0,-0.0,0.0,168.7,-0.0,-0.0,0.0,-0.0,13896.6,6368.7,-1.0,252.1,0.0,8409.4
2015-12-09 14:15:38,15631.3,-0.0,-0.0,0.0,163.8,-0.0,-0.0,0.0,-0.0,13899.8,6370.7,-1.0,252.1,0.0,8411.2
2015-12-09 14:15:39,15631.3,-0.0,-0.0,0.0,160.7,-0.0,-0.0,0.0,-0.0,13903.0,6373.0,-1.0,252.1,0.0,8412.5
2015-12-09 14:15:40,15631.3,-0.0,-0.0,0.0,157.0,-0.0,-0.0,0.0,-0.0,13906.7,6374.7,-1.0,252.1,0.0,8414.4
2015-12-09 14:15:41,15631.3,-0.0,-0.0,0.0,153.6,-0.0,-0.0,0.0,-0.0,13910.1,6376.4,-1.0,252.1,0.0,8416.3
2015-12-09 14:15:42,15631.3,-0.0,-0.0,0.0,149.5,-0.0,-0.0,0.0,-0.0,13913.7,6378.3,-1.0,252.2,0.0,8418.2
2015-12-09 14:15:43,15631.3,-0.0,-0.0,0.0,175.0,-0.0,-0.0,0.0,-0.0,13887.2,6380.1,-1.0,252.1,0.0,8389.6
2015-12-09 14:15:44,15631.3,-0.0,-0.0,0.0,174.0,-0.0,-0.0,0.0,-0.0,13889.8,6381.3,-1.0,252.1,0.0,8391.0
2015-12-09 14:15:45,15631.3,-0.0,-0.0,0.0,170.2,-0.0,-0.0,0.0,-0.0,13893.3,6383.3,-1.0,252.1,0.0,8392.9
2015-12-09 14:15:46,15631.3,-0.0,-0.0,0.0,165.9,-0.0,-0.0,0.0,-0.0,13897.4,6385.2,-1.0,252.1,0.0,8395.0
2015-12-09 14:15:47,15631.3,-0.0,-0.0,0.0,161.8,-0.0,-0.0,0.0,-0.0,13902.0,6387.1,-1.0,252.1,0.0,8397.1
2015-12-09 14:15:48,15631.3,-0.0,-0.0,0.0,156.4,-0.0,-0.0,0.0,-0.0,13906.2,6389.2,-1.0,252.1,0.0,8399.3
2015-12-09 14:15:49,15631.3,-0.0,-0.0,0.0,154.1,-0.0,-0.0,0.0,-0.0,13909.6,6390.9,-1.0,252.1,0.0,8401.1
2015-12-09 14:15:50,15631.3,-0.0,-0.0,0.0,148.8,-0.0,-0.0,0.0,-0.0,13913.2,6393.8,-1.0,252.1,0.0,8403.1
2015-12-09 14:15:51,15631.3,-0.0,-0.0,0.0,175.5,-0.0,-0.0,0.0,-0.0,13886.3,6395.7,-1.0,252.0,0.0,8374.6
2015-12-09 14:15:52,15631.3,-0.0,-0.0,0.0,171.2,-0.0,-0.0,0.0,-0.0,13890.9,6397.7,-1.0,252.0,0.0,8376.5
2015-12-09 14:15:53,15631.3,-0.0,-0.0,0.0,165.7,-0.0,-0.0,0.0,-0.0,13894.9,6399.7,-1.0,252.0,0.0,8378.9
2015-12-09 14:15:54,15631.3,-0.0,-0.0,0.0,163.6,-0.0,-0.0,0.0,-0.0,13899.2,6400.8,-1.0,252.0,0.0,8381.0
2015-12-09 14:15:55,15631.3,-0.0,-0.0,0.0,159.3,-0.0,-0.0,0.0,-0.0,13903.6,6402.9,-1.0,252.0,0.0,8383.4
2015-12-09 14:15:56,15631.3,-0.0,-0.0,0.0,154.5,-0.0,-0.0,0.0,-0.0,13907.6,6405.1,-1.0,252.0,0.0,8385.5
2015-12-09 14:15:57,15631.3,-0.0,-0.0,0.0,150.5,-0.0,-0.0,0.0,-0.0,13911.8,6407.0,-1.0,252.0,0.0,8387.8
2015-12-09 14:15:58,15631.3,-0.0,-0.0,0.0,175.5,-0.0,-0.0,0.0,-0.0,13885.3,6409.1,-1.0,251.9,0.0,8359.6
2015-12-09 14:15:59,15631.3,-0.0,-0.0,0.0,173.3,-0.0,-0.0,0.0,-0.0,13889.4,6410.7,-1.0,251.9,0.0,8361.5
2015-12-09 14:16:00,15631.3,-0.0,-0.0,0.0,169.5,-0.0,-0.0,0.0,-0.0,13893.3,6412.6,-1.0,251.9,0.0,8363.7
2015-12-09 14:16:01,15631.3,-0.0,-0.0,0.0,164.6,-0.0,-0.0,0.0,-0.0,13897.9,6414.5,-1.0,251.9,0.0,8366.2
2015-12-09 14:16:02,15631.3,-0.0,-0.0,0.0,159.9,-0.0,-0.0,0.0,-0.0,13903.2,6416.9,-1.0,251.9,0.0,8368.8
2015-12-09 14:16:03,15631.3,-0.0,-0.0,0.0,154.5,-0.0,-0.0,0.0,-0.0,13906.9,6419.1,-1.0,251.9,0.0,8370.9
2015-12-09 14:16:04,15631.3,-0.0,-0.0,0.0,150.8,-0.0,-0.0,0.0,-0.0,13911.2,6420.8,-1.0,251.9,0.0,8373.1
2015-12-09 14:16:05,15631.3,-0.0,-0.0,0.0,146.2,-0.0,-0.0,0.0,-0.0,13915.6,6422.9,-1.0,251.9,0.0,8375.5
2015-12-09 14:16:06,15631.3,-0.0,-0.0,0.0,172.0,-0.0,-0.0,0.0,-0.0,13890.5,6425.1,-1.0,251.8,0.0,8347.8
2015-12-09 14:16:07,15631.3,-0.0,-0.0,0.0,167.9,-0.0,-0.0,0.0,-0.0,13894.8,6427.3,-1.0,251.8,0.0,8350.4
2015-12-09 14:16:08,15631.3,-0.0,-0.0,0.0,161.5,-0.0,-0.0,0.0,-0.0,13899.9,6429.6,-1.0,251.8,0.0,8353.0
2015-12-09 14:16:09,15631.3,-0.0,-0.0,0.0,158.4,-0.0,-0.0,0.0,-0.0,13904.1,6431.5,-1.0,251.8,0.0,8355.3
2015-12-09 14:16:10,15631.3,-0.0,-0.0,0.0,153.7,-0.0,-0.0,0.0,-0.0,13908.6,6433.5,-1.0,251.8,0.0,8357.5
2015-12-09 14:16:11,15631.3,-0.0,-0.0,0.0,149.0,-0.0,-0.0,0.0,-0.0,13913.5,6435.6,-1.0,251.8,0.0,8360.4
2015-12-09 14:16:12,15631.3,-0.0,-0.0,0.0,174.2,-0.0,-0.0,0.0,-0.0,13888.7,6438.0,-1.0,251.8,0.0,8332.9
2015-12-09 14:16:13,15631.3,-0.0,-0.0,0.0,169.2,-0.0,-0.0,0.0,-0.0,13893.2,6439.7,-1.0,251.8,0.0,8335.7
2015-12-09 14:16:14,15631.3,-0.0,-0.0,0.0,163.8,-0.0,-0.0,0.0,-0.0,13897.6,6442.4,-1.0,251.8,0.0,8338.5
2015-12-09 14:16:15,15631.3,-0.0,-0.0,0.0,159.1,-0.0,-0.0,0.0,-0.0,13902.5,6444.1,-1.0,251.8,0.0,8341.0
2015-12-09 14:16:16,15631.3,-0.0,-0.0,0.0,155.6,-0.0,-0.0,0.0,-0.0,13906.5,6445.7,-1.0,251.8,0.0,8343.2
2015-12-09 14:16:17,15631.3,-0.0,-0.0,0.0,151.0,-0.0,-0.0,0.0,-0.0,13911.9,6447.4,-1.0,251.8,0.0,8346.2
2015-12-09 14:16:18,15631.3,-0.0,-0.0,0.0,175.9,-0.0,-0.0,0.0,-0.0,13886.6,6449.1,-1.0,251.7,0.0,8318.6
2015-12-09 14:16:19,15631.3,-0.0,-0.0,0.0,174.4,-0.0,-0.0,0.0,-0.0,13888.7,6450.3,-1.0,251.7,0.0,8319.7
2015-12-09 14:16:20,15631.3,-0.0,-0.0,0.0,169.7,-0.0,-0.0,0.0,-0.0,13893.1,6452.1,-1.0,251.7,0.0,8322.3
2015-12-09 14:16:21,15631.3,-0.0,-0.0,0.0,164.7,-0.0,-0.0,0.0,-0.0,13899.0,6453.7,-1.0,251.7,0.0,8325.6
2015-12-09 14:16:22,15631.3,-0.0,-0.0,0.0,159.7,-0.0,-0.0,0.0,-0.0,13903.5,6455.8,-1.0,251.7,0.0,8328.4
2015-12-09 14:16:23,15631.3,-0.0,-0.0,0.0,154.8,-0.0,-0.0,0.0,-0.0,13908.4,6457.2,-1.0,251.7,0.0,8331.0
2015-12-09 14:16:24,15631.3,-0.0,-0.0,0.0,149.4,-0.0,-0.0,0.0,-0.0,13912.9,6460.6,-1.0,251.7,0.0,8333.1
2015-12-09 14:16:25,15631.3,-0.0,-0.0,0.0,174.9,-0.0,-0.0,0.0,-0.0,13887.0,6462.3,-1.0,251.6,0.0,8305.5
2015-12-09 14:16:26,15631.3,-0.0,-0.0,0.0,171.1,-0.0,-0.0,0.0,-0.0,13891.3,6463.9,-1.0,251.6,0.0,8308.0
2015-12-09 14:16:27,15631.3,-0.0,-0.0,0.0,165.7,-0.0,-0.0,0.0,-0.0,13896.9,6466.1,-1.0,251.6,0.0,8311.2
2015-12-09 14:16:28,15631.3,-0.0,-0.0,0.0,161.3,-0.0,-0.0,0.0,-0.0,13901.4,6467.3,-1.0,251.6,0.0,8313.5
2015-12-09 14:16:29,15631.3,-0.0,-0.0,0.0,158.5,-0.0,-0.0,0.0,-0.0,13905.1,6469.0,-1.0,251.7,0.0,8315.7
2015-12-09 14:16:30,15631.3,-0.0,-0.0,0.0,153.7,-0.0,-0.0,0.0,-0.0,13910.6,6470.6,-1.0,251.7,0.0,8318.6
2015-12-09 14:16:31,15631.3,-0.0,-0.0,0.0,149.9,-0.0,-0.0,0.0,-0.0,13915.8,6471.9,-1.0,251.7,0.0,8321.4
2015-12-09 14:16:32,15631.3,-0.0,-0.0,0.0,175.0,-0.0,-0.0,0.0,-0.0,13890.4,6474.0,-1.0,251.6,0.0,8294.4
2015-12-09 14:16:33,15631.3,-0.0,-0.0,0.0,169.9,-0.0,-0.0,0.0,-0.0,13895.3,6475.6,-1.0,251.6,0.0,8297.1
2015-12-09 14:16:34,15631.3,-0.0,-0.0,0.0,166.1,-0.0,-0.0,0.0,-0.0,13900.5,6477.1,-1.0,251.6,0.0,8299.9
2015-12-09 14:16:35,15631.3,-0.0,-0.0,0.0,161.8,-0.0,-0.0,0.0,-0.0,13905.0,6478.4,-1.0,251.6,0.0,8302.7
2015-12-09 14:16:36,15631.3,-0.0,-0.0,0.0,156.6,-0.0,-0.0,0.0,-0.0,13910.1,6480.6,-1.0,251.6,0.0,8306.2
2015-12-09 14:16:37,15631.3,-0.0,-0.0,0.0,152.3,-0.0,-0.0,0.0,-0.0,13914.9,6482.1,-1.0,251.6,0.0,8308.9
2015-12-09 14:16:38,15631.3,-0.0,-0.0,0.0,146.3,-0.0,-0.0,0.0,-0.0,13919.9,6484.2,-1.0,251.6,0.0,8311.6
2015-12-09 14:16:39,15631.3,-0.0,-0.0,0.0,172.8,-0.0,-0.0,0.0,-0.0,13895.1,6485.8,-1.0,251.6,0.0,8284.1
2015-12-09 14:16:40,15631.3,-0.0,-0.0,0.0,168.1,-0.0,-0.0,0.0,-0.0,13900.1,6487.0,-1.0,251.6,0.0,8287.6
2015-12-09 14:16:41,15631.3,-0.0,-0.0,0.0,163.3,-0.0,-0.0,0.0,-0.0,13905.8,6488.8,-1.0,251.6,0.0,8290.5
2015-12-09 14:16:42,15631.3,-0.0,-0.0,0.0,158.8,-0.0,-0.0,0.0,-0.0,13909.9,6490.6,-1.0,251.6,0.0,8293.2
2015-12-09 14:16:43,15631.3,-0.0,-0.0,0.0,153.5,-0.0,-0.0,0.0,-0.0,13915.0,6492.1,-1.0,251.6,0.0,8295.9
2015-12-09 14:16:44,15631.3,-0.0,-0.0,0.0,150.3,-0.0,-0.0,0.0,-0.0,13919.4,6493.6,-1.0,251.6,0.0,8298.6
2015-12-09 14:16:45,15631.3,-0.0,-0.0,0.0,146.5,-0.0,-0.0,0.0,-0.0,13924.1,6495.1,-1.0,251.6,0.0,8301.5
2015-12-09 14:16:46,15631.3,-0.0,-0.0,0.0,172.1,-0.0,-0.0,0.0,-0.0,13898.2,6497.0,-1.0,251.5,0.0,8273.4
2015-12-09 14:16:47,15631.3,-0.0,-0.0,0.0,167.6,-0.0,-0.0,0.0,-0.0,13902.9,6499.0,-1.0,251.5,0.0,8276.3
2015-12-09 14:16:48,15631.3,-0.0,-0.0,0.0,162.7,-0.0,-0.0,0.0,-0.0,13907.6,6500.0,-1.0,251.6,0.0,8278.9
2015-12-09 14:16:49,15631.3,-0.0,-0.0,0.0,160.5,-0.0,-0.0,0.0,-0.0,13911.7,6501.2,-1.0,251.6,0.0,8281.4
2015-12-09 14:16:50,15631.3,-0.0,-0.0,0.0,155.7,-0.0,-0.0,0.0,-0.0,13916.1,6503.0,-1.0,251.6,0.0,8284.2
2015-12-09 14:16:51,15631.3,-0.0,-0.0,0.0,151.8,-0.0,-0.0,0.0,-0.0,13921.7,6503.9,-1.0,251.6,0.0,8287.3
2015-12-09 14:16:52,15631.3,-0.0,-0.0,0.0,148.4,-0.0,-0.0,0.0,-0.0,13926.2,6505.2,-1.0,251.6,0.0,8290.0
2015-12-09 14:16:53,15631.3,-0.0,-0.0,0.0,172.3,-0.0,-0.0,0.0,-0.0,13900.4,6507.0,-1.0,251.5,0.0,8262.6
2015-12-09 14:16:54,15631.3,-0.0,-0.0,0.0,171.1,-0.0,-0.0,0.0,-0.0,13902.5,6507.8,-1.0,251.5,0.0,8264.0
2015-12-09 14:16:55,15631.3,-0.0,-0.0,0.0,166.8,-0.0,-0.0,0.0,-0.0,13907.0,6509.0,-1.0,251.5,0.0,8266.8
2015-12-09 14:16:56,15631.3,-0.0,-0.0,0.0,162.1,-0.0,-0.0,0.0,-0.0,13912.3,6510.7,-1.0,251.5,0.0,8269.6
2015-12-09 14:16:57,15631.3,-0.0,-0.0,0.0,158.1,-0.0,-0.0,0.0,-0.0,13917.6,6511.8,-1.0,251.5,0.0,8272.4
2015-12-09 14:16:58,15631.3,-0.0,-0.0,0.0,153.6,-0.0,-0.0,0.0,-0.0,13922.7,6512.9,-1.0,251.5,0.0,8275.7
2015-12-09 14:16:59,15631.3,-0.0,-0.0,0.0,149.2,-0.0,-0.0,0.0,-0.0,13928.0,6513.7,-1.0,251.5,0.0,8279.1
2015-12-09 14:17:00,15631.3,-0.0,-0.0,0.0,176.1,-0.0,-0.0,0.0,-0.0,13903.3,6515.0,-1.0,251.4,0.0,8251.8
2015-12-09 14:17:01,15631.3,-0.0,-0.0,0.0,171.7,-0.0,-0.0,0.0,-0.0,13908.3,6516.2,-1.0,251.5,0.0,8255.0
2015-12-09 14:17:02,15631.3,-0.0,-0.0,0.0,167.2,-0.0,-0.0,0.0,-0.0,13913.6,6517.4,-1.0,251.5,0.0,8257.9
2015-12-09 14:17:03,15631.3,-0.0,-0.0,0.0,162.1,-0.0,-0.0,0.0,-0.0,13918.8,6518.5,-1.0,251.5,0.0,8261.0
2015-12-09 14:17:04,15631.3,-0.0,-0.0,0.0,158.3,-0.0,-0.0,0.0,-0.0,13924.0,6520.0,-1.0,251.5,0.0,8263.7
2015-12-09 14:17:05,15631.3,-0.0,-0.0,0.0,154.0,-0.0,-0.0,0.0,-0.0,13929.4,6521.1,-1.0,251.5,0.0,8266.9
2015-12-09 14:17:06,15631.3,-0.0,-0.0,0.0,150.0,-0.0,-0.0,0.0,-0.0,13933.8,6522.3,-1.0,251.5,0.0,8270.1
2015-12-09 14:17:07,15631.3,-0.0,-0.0,0.0,175.8,-0.0,-0.0,0.0,-0.0,13909.9,6523.5,-1.0,251.4,0.0,8243.3
2015-12-09 14:17:08,15631.3,-0.0,-0.0,0.0,170.6,-0.0,-0.0,0.0,-0.0,13914.5,6525.1,-1.0,251.4,0.0,8246.4
2015-12-09 14:17:09,15631.3,-0.0,-0.0,0.0,167.4,-0.0,-0.0,0.0,-0.0,13919.1,6525.8,-1.0,251.4,0.0,8249.1
2015-12-09 14:17:10,15631.3,-0.0,-0.0,0.0,162.8,-0.0,-0.0,0.0,-0.0,13924.4,6527.4,-1.0,251.4,0.0,8251.8
2015-12-09 14:17:11,15631.3,-0.0,-0.0,0.0,158.8,-0.0,-0.0,0.0,-0.0,13929.4,6528.6,-1.0,251.4,0.0,8254.9
2015-12-09 14:17:12,15631.3,-0.0,-0.0,0.0,153.6,-0.0,-0.0,0.0,-0.0,13935.4,6530.1,-1.0,251.4,0.0,8258.7
2015-12-09 14:17:13,15631.3,-0.0,-0.0,0.0,148.9,-0.0,-0.0,0.0,-0.0,13940.7,6531.3,-1.0,251.4,0.0,8261.5
2015-12-09 14:17:14,15631.3,-0.0,-0.0,0.0,146.7,-0.0,-0.0,0.0,-0.0,13943.7,6532.5,-1.0,251.4,0.0,8263.1
2015-12-09 14:17:15,15631.3,-0.0,-0.0,0.0,172.8,-0.0,-0.0,0.0,-0.0,13918.6,6533.6,-1.0,251.3,0.0,8235.5
2015-12-09 14:17:16,15631.3,-0.0,-0.0,0.0,169.3,-0.0,-0.0,0.0,-0.0,13923.0,6534.7,-1.0,251.3,0.0,8238.3
2015-12-09 14:17:17,15631.3,-0.0,-0.0,0.0,164.4,-0.0,-0.0,0.0,-0.0,13928.5,6535.8,-1.0,251.3,0.0,8241.8
2015-12-09 14:17:18,15631.3,-0.0,-0.0,0.0,159.3,-0.0,-0.0,0.0,-0.0,13933.9,6536.9,-1.0,251.3,0.0,8244.7
2015-12-09 14:17:19,15631.3,-0.0,-0.0,0.0,156.2,-0.0,-0.0,0.0,-0.0,13938.4,6538.3,-1.0,251.4,0.0,8247.6
2015-12-09 14:17:20,15631.3,-0.0,-0.0,0.0,152.0,-0.0,-0.0,0.0,-0.0,13944.0,6539.3,-1.0,251.4,0.0,8250.5
2015-12-09 14:17:21,15631.3,-0.0,-0.0,0.0,146.6,-0.0,-0.0,0.0,-0.0,13949.6,6541.2,-1.0,251.4,0.0,8253.7
2015-12-09 14:17:22,15631.3,-0.0,-0.0,0.0,173.5,-0.0,-0.0,0.0,-0.0,13923.9,6542.2,-1.0,251.3,0.0,8226.3
2015-12-09 14:17:23,15631.3,-0.0,-0.0,0.0,167.9,-0.0,-0.0,0.0,-0.0,13929.2,6543.7,-1.0,251.3,0.0,8229.1
2015-12-09 14:17:24,15631.3,-0.0,-0.0,0.0,164.2,-0.0,-0.0,0.0,-0.0,13933.0,6546.1,-1.0,251.3,0.0,8230.9
2015-12-09 14:17:25,15631.3,-0.0,-0.0,0.0,159.6,-0.0,-0.0,0.0,-0.0,13937.8,6547.0,-1.0,251.3,0.0,8234.4
2015-12-09 14:17:26,15631.3,-0.0,-0.0,0.0,156.3,-0.0,-0.0,0.0,-0.0,13942.5,6548.3,-1.0,251.3,0.0,8236.9
2015-12-09 14:17:27,15631.3,-0.0,-0.0,0.0,151.4,-0.0,-0.0,0.0,-0.0,13946.9,6550.2,-1.0,251.3,0.0,8239.8
2015-12-09 14:17:28,15631.3,-0.0,-0.0,0.0,147.6,-0.0,-0.0,0.0,-0.0,13951.4,6551.1,-1.0,251.3,0.0,8242.5
2015-12-09 14:17:29,15631.3,-0.0,-0.0,0.0,175.4,-0.0,-0.0,0.0,-0.0,13925.6,6551.4,-1.0,251.2,0.0,8214.9
2015-12-09 14:17:30,15631.3,-0.0,-0.0,0.0,171.7,-0.0,-0.0,0.0,-0.0,13930.6,6552.4,-1.0,251.2,0.0,8217.3
2015-12-09 14:17:31,15631.3,-0.0,-0.0,0.0,167.9,-0.0,-0.0,0.0,-0.0,13935.3,6553.0,-1.0,251.2,0.0,8220.6
2015-12-09 14:17:32,15631.3,-0.0,-0.0,0.0,164.0,-0.0,-0.0,0.0,-0.0,13940.9,6553.5,-1.0,251.2,0.0,8223.8
2015-12-09 14:17:33,15631.3,-0.0,-0.0,0.0,158.4,-0.0,-0.0,0.0,-0.0,13946.2,6555.6,-1.0,251.2,0.0,8226.7
2015-12-09 14:17:34,15631.3,-0.0,-0.0,0.0,155.7,-0.0,-0.0,0.0,-0.0,13950.9,6556.5,-1.0,251.3,0.0,8229.3
2015-12-09 14:17:35,15631.3,-0.0,-0.0,0.0,151.2,-0.0,-0.0,0.0,-0.0,13955.9,6557.9,-1.0,251.3,0.0,8232.8
2015-12-09 14:17:36,15631.3,-0.0,-0.0,0.0,146.8,-0.0,-0.0,0.0,-0.0,13961.3,6559.3,-1.0,251.3,0.0,8235.7
2015-12-09 14:17:37,15631.3,-0.0,-0.0,0.0,172.0,-0.0,-0.0,0.0,-0.0,13937.0,6560.6,-1.0,251.2,0.0,8208.9
2015-12-09 14:17:38,15631.3,-0.0,-0.0,0.0,166.7,-0.0,-0.0,0.0,-0.0,13941.6,6562.3,-1.0,251.2,0.0,8211.6
2015-12-09 14:17:39,15631.3,-0.0,-0.0,0.0,163.1,-0.0,-0.0,0.0,-0.0,13946.5,6563.5,-1.0,251.2,0.0,8214.1
2015-12-09 14:17:40,15631.3,-0.0,-0.0,0.0,158.5,-0.0,-0.0,0.0,-0.0,13952.1,6565.1,-1.0,251.2,0.0,8217.3
2015-12-09 14:17:41,15631.3,-0.0,-0.0,0.0,154.5,-0.0,-0.0,0.0,-0.0,13957.0,6566.2,-1.0,251.2,0.0,8220.8
2015-12-09 14:17:42,15631.3,-0.0,-0.0,0.0,149.6,-0.0,-0.0,0.0,-0.0,13961.8,6567.9,-1.0,251.2,0.0,8223.8
2015-12-09 14:17:43,15631.3,-0.0,-0.0,0.0,174.7,-0.0,-0.0,0.0,-0.0,13936.8,6569.8,-1.0,251.1,0.0,8196.7
2015-12-09 14:17:44,15631.3,-0.0,-0.0,0.0,171.2,-0.0,-0.0,0.0,-0.0,13941.6,6570.6,-1.0,251.2,0.0,8199.7
2015-12-09 14:17:45,15631.3,-0.0,-0.0,0.0,167.4,-0.0,-0.0,0.0,-0.0,13946.7,6571.4,-1.0,251.2,0.0,8203.2
2015-12-09 14:17:46,15631.3,-0.0,-0.0,0.0,162.2,-0.0,-0.0,0.0,-0.0,13952.9,6573.2,-1.0,251.2,0.0,8206.5
2015-12-09 14:17:47,15631.3,-0.0,-0.0,0.0,159.1,-0.0,-0.0,0.0,-0.0,13957.4,6573.5,-1.0,251.2,0.0,8209.4
2015-12-09 14:17:48,15631.3,-0.0,-0.0,0.0,154.0,-0.0,-0.0,0.0,-0.0,13962.2,6574.7,-1.0,251.2,0.0,8212.2
2015-12-09 14:17:49,15631.3,-0.0,-0.0,0.0,149.1,-0.0,-0.0,0.0,-0.0,13967.7,6576.7,-1.0,251.2,0.0,8215.8
2015-12-09 14:17:50,15631.3,-0.0,-0.0,0.0,173.8,-0.0,-0.0,0.0,-0.0,13943.1,6579.0,-1.0,251.1,0.0,8188.6
2015-12-09 14:17:51,15631.3,-0.0,-0.0,0.0,168.2,-0.0,-0.0,0.0,-0.0,13947.8,6582.0,-1.0,251.1,0.0,8191.8
2015-12-09 14:17:52,15631.3,-0.0,-0.0,0.0,161.6,-0.0,-0.0,0.0,-0.0,13953.1,6584.9,-1.0,251.1,0.0,8195.0
2015-12-09 14:17:53,15631.3,-0.0,-0.0,0.0,155.5,-0.0,-0.0,0.0,-0.0,13958.4,6587.3,-1.0,251.1,0.0,8197.9
2015-12-09 14:17:54,15631.3,-0.0,-0.0,0.0,147.0,-0.0,-0.0,0.0,-0.0,13961.2,6593.7,-1.0,251.1,0.0,8199.9
2015-12-09 14:17:55,15631.3,-0.0,-0.0,0.0,169.4,-0.0,-0.0,0.0,-0.0,13937.5,6596.8,-1.0,251.1,0.0,8172.8
2015-12-09 14:17:56,15631.3,-0.0,-0.0,0.0,164.9,-0.0,-0.0,0.0,-0.0,13942.4,6598.2,-1.0,251.1,0.0,8176.6
2015-12-09 14:17:57,15631.3,-0.0,-0.0,0.0,159.9,-0.0,-0.0,0.0,-0.0,13947.5,6600.4,-1.0,251.1,0.0,8179.3
2015-12-09 14:17:58,15631.3,-0.0,-0.0,0.0,155.2,-0.0,-0.0,0.0,-0.0,13951.9,6601.5,-1.0,251.1,0.0,8182.2
2015-12-09 14:17:59,15631.3,-0.0,-0.0,0.0,152.1,-0.0,-0.0,0.0,-0.0,13956.6,6602.6,-1.0,251.1,0.0,8184.6
2015-12-09 14:18:00,15631.3,-0.0,-0.0,0.0,148.8,-0.0,-0.0,0.0,-0.0,13961.3,6603.7,-1.0,251.1,0.0,8187.5
2015-12-09 14:18:01,15631.3,-0.0,-0.0,0.0,174.8,-0.0,-0.0,0.0,-0.0,13936.5,6604.8,-1.0,251.0,0.0,8160.5
2015-12-09 14:18:02,15631.3,-0.0,-0.0,0.0,169.8,-0.0,-0.0,0.0,-0.0,13942.3,6605.7,-1.0,251.0,0.0,8164.0
2015-12-09 14:18:03,15631.3,-0.0,-0.0,0.0,163.5,-0.0,-0.0,0.0,-0.0,13947.2,6608.2,-1.0,251.0,0.0,8167.1
2015-12-09 14:18:04,15631.3,-0.0,-0.0,0.0,158.1,-0.0,-0.0,0.0,-0.0,13952.0,6611.1,-1.0,251.0,0.0,8169.9
2015-12-09 14:18:05,15631.3,-0.0,-0.0,0.0,172.7,-0.0,-0.0,0.0,-0.0,13927.6,6623.5,-1.0,250.9,0.0,8143.5
2015-12-09 14:18:06,15631.3,-0.0,-0.0,0.0,166.9,-0.0,-0.0,0.0,-0.0,13932.9,6626.1,-1.0,250.9,0.0,8146.2
2015-12-09 14:18:07,15631.3,-0.0,-0.0,0.0,160.2,-0.0,-0.0,0.0,-0.0,13938.7,6628.7,-1.0,250.9,0.0,8150.0
2015-12-09 14:18:08,15631.3,-0.0,-0.0,0.0,152.7,-0.0,-0.0,0.0,-0.0,13943.7,6632.9,-1.0,250.9,0.0,8152.8
2015-12-09 14:18:09,15631.3,-0.0,-0.0,0.0,166.1,-0.0,-0.0,0.0,-0.0,13919.3,6647.0,-1.0,250.8,0.0,8125.3
2015-12-09 14:18:10,15631.3,-0.0,-0.0,0.0,161.4,-0.0,-0.0,0.0,-0.0,13924.5,6649.3,-1.0,250.8,0.0,8129.4
2015-12-09 14:18:11,15631.3,-0.0,-0.0,0.0,157.2,-0.0,-0.0,0.0,-0.0,13930.1,6650.5,-1.0,250.9,0.0,8132.0
2015-12-09 14:18:12,15631.3,-0.0,-0.0,0.0,151.8,-0.0,-0.0,0.0,-0.0,13935.6,6651.7,-1.0,250.9,0.0,8135.5
2015-12-09 14:18:13,15631.3,-0.0,-0.0,0.0,175.7,-0.0,-0.0,0.0,-0.0,13911.3,6654.0,-1.0,250.8,0.0,8109.1
2015-12-09 14:18:14,15631.3,-0.0,-0.0,0.0,171.5,-0.0,-0.0,0.0,-0.0,13916.8,6655.5,-1.0,250.8,0.0,8112.5
2015-12-09 14:18:15,15631.3,-0.0,-0.0,0.0,165.8,-0.0,-0.0,0.0,-0.0,13922.5,6657.7,-1.0,250.8,0.0,8115.9
2015-12-09 14:18:16,15631.3,-0.0,-0.0,0.0,161.9,-0.0,-0.0,0.0,-0.0,13927.1,6658.8,-1.0,250.8,0.0,8118.6
2015-12-09 14:18:17,15631.3,-0.0,-0.0,0.0,157.4,-0.0,-0.0,0.0,-0.0,13931.9,6660.2,-1.0,250.8,0.0,8121.4
2015-12-09 14:18:18,15631.3,-0.0,-0.0,0.0,152.7,-0.0,-0.0,0.0,-0.0,13936.4,6661.6,-1.0,250.8,0.0,8124.2
2015-12-09 14:18:19,15631.3,-0.0,-0.0,0.0,151.4,-0.0,-0.0,0.0,-0.0,13940.4,6661.3,-1.0,250.9,0.0,8127.0
2015-12-09 14:18:20,15631.3,-0.0,-0.0,0.0,146.2,-0.0,-0.0,0.0,-0.0,13946.2,6663.5,-1.0,250.9,0.0,8130.4
2015-12-09 14:18:21,15631.3,-0.0,-0.0,0.0,172.2,-0.0,-0.0,0.0,-0.0,13921.6,6663.9,-1.0,250.8,0.0,8103.3
2015-12-09 14:18:22,15631.3,-0.0,-0.0,0.0,167.8,-0.0,-0.0,0.0,-0.0,13927.2,6664.8,-1.0,250.8,0.0,8106.9
2015-12-09 14:18:23,15631.3,-0.0,-0.0,0.0,161.6,-0.0,-0.0,0.0,-0.0,13932.0,6667.0,-1.0,250.8,0.0,8109.9
2015-12-09 14:18:24,15631.3,-0.0,-0.0,0.0,158.0,-0.0,-0.0,0.0,-0.0,13937.9,6667.7,-1.0,250.8,0.0,8113.5
2015-12-09 14:18:25,15631.3,-0.0,-0.0,0.0,153.2,-0.0,-0.0,0.0,-0.0,13943.5,6669.4,-1.0,250.8,0.0,8116.7
2015-12-09 14:18:26,15631.3,-0.0,-0.0,0.0,150.1,-0.0,-0.0,0.0,-0.0,13948.1,6669.8,-1.0,250.8,0.0,8119.8
2015-12-09 14:18:27,15631.3,-0.0,-0.0,0.0,174.7,-0.0,-0.0,0.0,-0.0,13924.2,6672.0,-1.0,250.8,0.0,8093.6
2015-12-09 14:18:28,15631.3,-0.0,-0.0,0.0,170.2,-0.0,-0.0,0.0,-0.0,13928.9,6672.7,-1.0,250.8,0.0,8096.0
2015-12-09 14:18:29,15631.3,-0.0,-0.0,0.0,167.2,-0.0,-0.0,0.0,-0.0,13933.6,6673.8,-1.0,250.8,0.0,8099.1
2015-12-09 14:18:30,15631.3,-0.0,-0.0,0.0,163.0,-0.0,-0.0,0.0,-0.0,13938.2,6675.0,-1.0,250.8,0.0,8102.2
2015-12-09 14:18:31,15631.3,-0.0,-0.0,0.0,159.8,-0.0,-0.0,0.0,-0.0,13943.2,6675.4,-1.0,250.8,0.0,8104.9
2015-12-09 14:18:32,15631.3,-0.0,-0.0,0.0,159.2,-0.0,-0.0,0.0,-0.0,13945.0,6677.4,-1.0,250.8,0.0,8104.7
2015-12-09 14:18:33,15631.3,-0.0,-0.0,0.0,151.6,-0.0,-0.0,0.0,-0.0,13950.4,6680.0,-1.0,250.8,0.0,8107.9
2015-12-09 14:18:34,15631.3,-0.0,-0.0,0.0,146.9,-0.0,-0.0,0.0,-0.0,13955.1,6683.1,-1.0,250.8,0.0,8110.4
2015-12-09 14:18:35,15631.3,-0.0,-0.0,0.0,171.5,-0.0,-0.0,0.0,-0.0,13930.5,6685.3,-1.0,250.8,0.0,8083.5
2015-12-09 14:18:36,15631.3,-0.0,-0.0,0.0,165.6,-0.0,-0.0,0.0,-0.0,13935.9,6687.4,-1.0,250.8,0.0,8087.6
2015-12-09 14:18:37,15631.3,-0.0,-0.0,0.0,160.7,-0.0,-0.0,0.0,-0.0,13940.7,6689.4,-1.0,250.8,0.0,8090.0
2015-12-09 14:18:38,15631.3,-0.0,-0.0,0.0,155.2,-0.0,-0.0,0.0,-0.0,13945.0,6691.7,-1.0,250.8,0.0,8092.7
2015-12-09 14:18:39,15631.3,-0.0,-0.0,0.0,151.6,-0.0,-0.0,0.0,-0.0,13948.9,6692.7,-1.0,250.8,0.0,8095.4
2015-12-09 14:18:40,15631.3,-0.0,-0.0,0.0,146.1,-0.0,-0.0,0.0,-0.0,13954.7,6694.8,-1.0,250.8,0.0,8098.9
2015-12-09 14:18:41,15631.3,-0.0,-0.0,0.0,170.2,-0.0,-0.0,0.0,-0.0,13931.0,6697.7,-1.0,250.7,0.0,8072.3
2015-12-09 14:18:42,15631.3,-0.0,-0.0,0.0,148.7,-0.0,-0.0,0.0,-0.0,13936.1,6715.4,-1.0,250.7,0.0,8075.7
2015-12-09 14:18:43,15631.3,-0.0,-0.0,0.0,162.6,-0.0,-0.0,0.0,-0.0,13911.6,6727.9,-1.0,250.7,0.0,8049.1
2015-12-09 14:18:44,15631.3,-0.0,-0.0,0.0,156.9,-0.0,-0.0,0.0,-0.0,13916.6,6731.1,-1.0,250.7,0.0,8052.0
2015-12-09 14:18:45,15631.3,-0.0,-0.0,0.0,151.8,-0.0,-0.0,0.0,-0.0,13920.5,6733.3,-1.0,250.7,0.0,8054.6
2015-12-09 14:18:46,15631.3,-0.0,-0.0,0.0,175.0,-0.0,-0.0,0.0,-0.0,13896.8,6736.2,-1.0,250.6,0.0,8028.8
2015-12-09 14:18:47,15631.3,-0.0,-0.0,0.0,170.3,-0.0,-0.0,0.0,-0.0,13901.6,6738.3,-1.0,250.6,0.0,8031.7
2015-12-09 14:18:48,15631.3,-0.0,-0.0,0.0,164.4,-0.0,-0.0,0.0,-0.0,13906.2,6740.5,-1.0,250.6,0.0,8033.7
2015-12-09 14:18:49,15631.3,-0.0,-0.0,0.0,160.6,-0.0,-0.0,0.0,-0.0,13910.3,6742.9,-1.0,250.6,0.0,8036.5
2015-12-09 14:18:50,15631.3,-0.0,-0.0,0.0,156.1,-0.0,-0.0,0.0,-0.0,13915.8,6744.6,-1.0,250.6,0.0,8039.4
2015-12-09 14:18:51,15631.3,-0.0,-0.0,0.0,150.2,-0.0,-0.0,0.0,-0.0,13920.9,6747.3,-1.0,250.6,0.0,8042.4
2015-12-09 14:18:52,15631.3,-0.0,-0.0,0.0,175.2,-0.0,-0.0,0.0,-0.0,13896.6,6748.6,-1.0,250.6,0.0,8016.3
2015-12-09 14:18:53,15631.3,-0.0,-0.0,0.0,166.5,-0.0,-0.0,0.0,-0.0,13900.7,6754.1,-1.0,250.6,0.0,8018.5
2015-12-09 14:18:54,15631.3,-0.0,-0.0,0.0,164.0,-0.0,-0.0,0.0,-0.0,13904.3,6754.9,-1.0,250.6,0.0,8020.7
2015-12-09 14:18:55,15631.3,-0.0,-0.0,0.0,158.9,-0.0,-0.0,0.0,-0.0,13909.6,6756.9,-1.0,250.6,0.0,8024.3
2015-12-09 14:18:56,15631.3,-0.0,-0.0,0.0,153.0,-0.0,-0.0,0.0,-0.0,13915.2,6759.4,-1.0,250.6,0.0,8027.1
2015-12-09 14:18:57,15631.3,-0.0,-0.0,0.0,147.4,-0.0,-0.0,0.0,-0.0,13920.6,6761.3,-1.0,250.6,0.0,8030.4
2015-12-09 14:18:58,15631.3,-0.0,-0.0,0.0,171.8,-0.0,-0.0,0.0,-0.0,13896.2,6763.2,-1.0,250.5,0.0,8004.3
2015-12-09 14:18:59,15631.3,-0.0,-0.0,0.0,167.6,-0.0,-0.0,0.0,-0.0,13900.6,6765.1,-1.0,250.5,0.0,8006.8
2015-12-09 14:19:00,15631.3,-0.0,-0.0,0.0,162.7,-0.0,-0.0,0.0,-0.0,13906.0,6767.0,-1.0,250.5,0.0,8009.9
2015-12-09 14:19:01,15631.3,-0.0,-0.0,0.0,157.8,-0.0,-0.0,0.0,-0.0,13910.9,6769.2,-1.0,250.5,0.0,8012.5
2015-12-09 14:19:02,15631.3,-0.0,-0.0,0.0,152.9,-0.0,-0.0,0.0,-0.0,13915.5,6771.0,-1.0,250.6,0.0,8015.6
2015-12-09 14:19:03,15631.3,-0.0,-0.0,0.0,147.4,-0.0,-0.0,0.0,-0.0,13919.6,6773.1,-1.0,250.6,0.0,8017.9
2015-12-09 14:19:04,15631.3,-0.0,-0.0,0.0,172.7,-0.0,-0.0,0.0,-0.0,13894.8,6775.5,-1.0,250.5,0.0,7991.6
2015-12-09 14:19:05,15631.3,-0.0,-0.0,0.0,167.2,-0.0,-0.0,0.0,-0.0,13900.8,6777.5,-1.0,250.5,0.0,7994.9
2015-12-09 14:19:06,15631.3,-0.0,-0.0,0.0,162.0,-0.0,-0.0,0.0,-0.0,13906.1,6779.3,-1.0,250.5,0.0,7998.5
2015-12-09 14:19:07,15631.3,-0.0,-0.0,0.0,157.8,-0.0,-0.0,0.0,-0.0,13911.2,6780.8,-1.0,250.5,0.0,8000.9
2015-12-09 14:19:08,15631.3,-0.0,-0.0,0.0,152.1,-0.0,-0.0,0.0,-0.0,13915.6,6782.7,-1.0,250.5,0.0,8003.7
2015-12-09 14:19:09,15631.3,-0.0,-0.0,0.0,148.9,-0.0,-0.0,0.0,-0.0,13919.9,6784.1,-1.0,250.5,0.0,8006.0
2015-12-09 14:19:10,15631.3,-0.0,-0.0,0.0,173.3,-0.0,-0.0,0.0,-0.0,13896.1,6786.1,-1.0,250.5,0.0,7979.9
2015-12-09 14:19:11,15631.3,-0.0,-0.0,0.0,167.7,-0.0,-0.0,0.0,-0.0,13901.1,6789.2,-1.0,250.5,0.0,7983.4
2015-12-09 14:19:12,15631.3,-0.0,-0.0,0.0,161.6,-0.0,-0.0,0.0,-0.0,13907.1,6790.9,-1.0,250.5,0.0,7986.9
2015-12-09 14:19:13,15631.3,-0.0,-0.0,0.0,169.7,-0.0,-0.0,0.0,-0.0,13883.2,6807.7,-1.0,250.4,0.0,7960.7
2015-12-09 14:19:14,15631.3,-0.0,-0.0,0.0,165.8,-0.0,-0.0,0.0,-0.0,13888.7,6809.9,-1.0,250.4,0.0,7963.9
2015-12-09 14:19:15,15631.3,-0.0,-0.0,0.0,159.5,-0.0,-0.0,0.0,-0.0,13893.9,6812.4,-1.0,250.4,0.0,7967.0
2015-12-09 14:19:16,15631.3,-0.0,-0.0,0.0,155.4,-0.0,-0.0,0.0,-0.0,13899.1,6813.7,-1.0,250.4,0.0,7970.5
2015-12-09 14:19:17,15631.3,-0.0,-0.0,0.0,150.4,-0.0,-0.0,0.0,-0.0,13903.8,6815.7,-1.0,250.4,0.0,7973.4
2015-12-09 14:19:18,15631.3,-0.0,-0.0,0.0,173.9,-0.0,-0.0,0.0,-0.0,13880.6,6817.4,-1.0,250.4,0.0,7948.1
2015-12-09 14:19:19,15631.3,-0.0,-0.0,0.0,171.3,-0.0,-0.0,0.0,-0.0,13884.8,6818.3,-1.0,250.4,0.0,7950.3
2015-12-09 14:19:20,15631.3,-0.0,-0.0,0.0,167.2,-0.0,-0.0,0.0,-0.0,13890.2,6819.4,-1.0,250.4,0.0,7953.0
2015-12-09 14:19:21,15631.3,-0.0,-0.0,0.0,162.2,-0.0,-0.0,0.0,-0.0,13895.8,6820.3,-1.0,250.4,0.0,7957.1
2015-12-09 14:19:22,15631.3,-0.0,-0.0,0.0,158.0,-0.0,-0.0,0.0,-0.0,13900.8,6821.6,-1.0,250.4,0.0,7960.1
2015-12-09 14:19:23,15631.3,-0.0,-0.0,0.0,153.1,-0.0,-0.0,0.0,-0.0,13905.1,6823.3,-1.0,250.4,0.0,7962.7
2015-12-09 14:19:24,15631.3,-0.0,-0.0,0.0,150.9,-0.0,-0.0,0.0,-0.0,13909.6,6823.6,-1.0,250.4,0.0,7965.4
2015-12-09 14:19:25,15631.3,-0.0,-0.0,0.0,145.9,-0.0,-0.0,0.0,-0.0,13914.3,6825.2,-1.0,250.4,0.0,7968.3
2015-12-09 14:19:26,15631.3,-0.0,-0.0,0.0,171.2,-0.0,-0.0,0.0,-0.0,13890.8,6826.1,-1.0,250.3,0.0,7942.5
2015-12-09 14:19:27,15631.3,-0.0,-0.0,0.0,167.0,-0.0,-0.0,0.0,-0.0,13896.0,6826.6,-1.0,250.3,0.0,7945.8
2015-12-09 14:19:28,15631.3,-0.0,-0.0,0.0,163.0,-0.0,-0.0,0.0,-0.0,13900.3,6827.4,-1.0,250.3,0.0,7948.4
2015-12-09 14:19:29,15631.3,-0.0,-0.0,0.0,159.8,-0.0,-0.0,0.0,-0.0,13905.8,6827.8,-1.0,250.4,0.0,7951.8
2015-12-09 14:19:30,15631.3,-0.0,-0.0,0.0,154.9,-0.0,-0.0,0.0,-0.0,13910.8,6829.9,-1.0,250.4,0.0,7954.9
2015-12-09 14:19:31,15631.3,-0.0,-0.0,0.0,150.4,-0.0,-0.0,0.0,-0.0,13916.0,6831.1,-1.0,250.4,0.0,7958.3
2015-12-09 14:19:32,15631.3,-0.0,-0.0,0.0,174.7,-0.0,-0.0,0.0,-0.0,13893.2,6832.8,-1.0,250.3,0.0,7932.8
2015-12-09 14:19:33,15631.3,-0.0,-0.0,0.0,169.0,-0.0,-0.0,0.0,-0.0,13897.9,6834.2,-1.0,250.3,0.0,7935.5
2015-12-09 14:19:34,15631.3,-0.0,-0.0,0.0,168.1,-0.0,-0.0,0.0,-0.0,13900.2,6834.6,-1.0,250.3,0.0,7937.2
2015-12-09 14:19:35,15631.3,-0.0,-0.0,0.0,164.0,-0.0,-0.0,0.0,-0.0,13905.6,6835.4,-1.0,250.3,0.0,7940.2
2015-12-09 14:19:36,15631.3,-0.0,-0.0,0.0,160.1,-0.0,-0.0,0.0,-0.0,13911.2,6836.1,-1.0,250.3,0.0,7943.6
2015-12-09 14:19:37,15631.3,-0.0,-0.0,0.0,155.6,-0.0,-0.0,0.0,-0.0,13917.3,6837.3,-1.0,250.4,0.0,7947.0
2015-12-09 14:19:38,15631.3,-0.0,-0.0,0.0,150.1,-0.0,-0.0,0.0,-0.0,13922.5,6838.8,-1.0,250.4,0.0,7950.3
2015-12-09 14:19:39,15631.3,-0.0,-0.0,0.0,147.8,-0.0,-0.0,0.0,-0.0,13926.7,6839.0,-1.0,250.4,0.0,7952.6
2015-12-09 14:19:40,15631.3,-0.0,-0.0,0.0,172.7,-0.0,-0.0,0.0,-0.0,13902.7,6840.6,-1.0,250.3,0.0,7926.4
2015-12-09 14:19:41,15631.3,-0.0,-0.0,0.0,167.6,-0.0,-0.0,0.0,-0.0,13908.0,6842.1,-1.0,250.3,0.0,7930.0
2015-12-09 14:19:42,15631.3,-0.0,-0.0,0.0,160.8,-0.0,-0.0,0.0,-0.0,13914.2,6845.3,-1.0,250.3,0.0,7933.6
2015-12-09 14:19:43,15631.3,-0.0,-0.0,0.0,170.4,-0.0,-0.0,0.0,-0.0,13891.3,6860.3,-1.0,250.2,0.0,7907.9
2015-12-09 14:19:44,15631.3,-0.0,-0.0,0.0,167.5,-0.0,-0.0,0.0,-0.0,13894.5,6861.7,-1.0,250.2,0.0,7909.6
2015-12-09 14:19:45,15631.3,-0.0,-0.0,0.0,161.5,-0.0,-0.0,0.0,-0.0,13900.4,6864.0,-1.0,250.2,0.0,7913.6
2015-12-09 14:19:46,15631.3,-0.0,-0.0,0.0,155.9,-0.0,-0.0,0.0,-0.0,13905.3,6867.2,-1.0,250.2,0.0,7916.0
2015-12-09 14:19:47,15631.3,-0.0,-0.0,0.0,165.0,-0.0,-0.0,0.0,-0.0,13881.8,6883.6,-1.0,249.9,0.0,7890.5
2015-12-09 14:19:48,15631.3,-0.0,-0.0,0.0,160.3,-0.0,-0.0,0.0,-0.0,13886.5,6885.4,-1.0,249.9,0.0,7892.9
